Id,ORGANIZATION,NAME,GENDER,SPECIALITY,ADDRESS,CITY,STATE,ZIP,LAT,LON,UTILIZATION
238368f0-5737-32ab-98ce-1be992953d22,69176529-fd1f-3b3f-abce-a0a3626769eb,Lesley194 Fisher429,M,GENERAL PRACTICE,330 MOUNT AUBURN STREET,CAMBRIDGE,MA,02138,42.375967,-71.118275,190
fdd64b0c-11f9-3815-9df7-b227a090da14,5e765f2b-e908-3888-9fc7-df2cb87beb58,Ludivina884 Steuber698,F,GENERAL PRACTICE,211 PARK STREET,ATTLEBORO,MA,02703,41.931653,-71.294503,159
adec5f6f-b157-3dfa-8bae-64f716fe265e,f1fbcbfb-fcfa-3bd2-b7f4-df20f1b3c3a4,Dagny669 Wyman904,F,GENERAL PRACTICE,ONE GENERAL STREET,LAWRENCE,MA,01842,42.700273,-71.161357,479
9bcd94c2-cc2c-30fc-8170-a41b005c7ae6,e002090d-4e92-300e-b41e-7d1f21dee4c6,Víctor493 Noriega353,M,GENERAL PRACTICE,1493 CAMBRIDGE STREET,CAMBRIDGE,MA,02138,42.375967,-71.118275,274
b5f00faa-4710-3662-b347-505034229ebc,ef6ab57c-ed94-3dbe-9861-812d515918b3,Tuan998 Fadel536,M,GENERAL PRACTICE,88 LEWIS BAY ROAD,HYANNIS,MA,02601,41.748854,-70.74053599999998,112
1a861a8f-f654-3b3e-8907-266ff6832461,49318f80-bd8b-3fc7-a096-ac43088b0c12,Almeta56 Carter549,F,GENERAL PRACTICE,30 LOCUST STREET,NORTHAMPTON,MA,01060,42.327044,-72.67463000000002,244
8f3b8f97-6df8-3c5a-9c64-e1e487a44fa4,fbf6180e-b800-3ebe-b91d-93d0288c400e,Peter292 Wintheiser220,M,GENERAL PRACTICE,164 HIGH STREET,GREENFIELD,MA,01301,42.614671,-72.597063,112
a5d950f6-6cdd-3aad-9c94-929b9e721c0e,8b58cdd1-3d79-3126-8fe0-da2c54d6805c,María Cristina383 Arevalo970,F,GENERAL PRACTICE,2100 DORCHESTER AVENUE,BOSTON,MA,02124,42.33196,-71.020173,9
f279cb5b-bf6b-3c7c-9ec0-9cf909a9d01c,ecc51621-0af3-3b35-ac3e-8b1e34022e92,Cecille691 Halvorson124,F,GENERAL PRACTICE,795 MIDDLE STREET,FALL RIVER,MA,02721,41.725351,-71.094162,38
51008bdb-d321-353b-8a26-a4cd460d38c8,5d4b9df1-93ae-3bc9-b680-03249990e558,Patricia625 Kilback373,F,GENERAL PRACTICE,575 BEECH STREET,HOLYOKE,MA,01040,42.211656,-72.642448,152
4aa30dc4-7d5a-3df6-822e-4438c1c2c045,37b4d73f-652d-3033-a16e-d97b9e8b4cda,Jerold208 Spencer878,M,GENERAL PRACTICE,25 HIGHLAND AVENUE,NEWBURYPORT,MA,01950,42.812141,-70.886646,127
8f7fc3a1-ba9d-3bc9-a465-b929f0a8be17,08bcda9c-f8c8-3244-82d4-fc306a7a55d3,Jesus702 Crona259,M,GENERAL PRACTICE,1 BOSTON MEDICAL CENTER PLACE,BOSTON,MA,02118,42.33196,-71.020173,14
a4e6c3b1-8e79-3bc8-b6b5-171a9766f56b,37c0de84-bcaf-3624-82bf-a89b2ac441b8,Octavio643 Schaefer657,M,GENERAL PRACTICE,85 HERRICK STREET,BEVERLY,MA,01915,42.556659,-70.84496,165
406eb603-75c8-313e-af58-74ccadf29ca2,4861d01f-019c-3dac-a153-8334e50919f9,Jame231 Jacobi462,M,GENERAL PRACTICE,81 HIGHLAND AVENUE,SALEM,MA,01970,42.50128,-70.897502,185
84120609-e5c9-3c12-a2d8-b1e77bc133ed,4f3a530e-a2f7-3de0-9a09-c0a70a9ab894,Ashlyn643 Walker122,F,GENERAL PRACTICE,725 NORTH STREET,PITTSFIELD,MA,01201,42.452045,-73.26054,60
ffcc50c0-4709-3d90-b5e5-132e2cb10059,f71ce1a9-cca7-3295-9a1e-c88ac3479b6f,Marvin195 Glover433,M,GENERAL PRACTICE,157 UNION STREET,MARLBOROUGH,MA,01752,42.349617,-71.547214,41
c4b777a2-3949-3e68-adaa-d9b8644aeffd,c44f361c-2efb-3050-8f97-0354a12e2920,Mauro926 Thompson596,M,GENERAL PRACTICE,680 CENTER STREET,BROCKTON,MA,02302,42.082543,-71.024638,96
3d5de262-83cc-3fc8-9459-d8c8c683510f,b1ddf812-1fdd-3adf-b1d5-32cc8bd07ebb,Amos720 Jacobson885,M,GENERAL PRACTICE,275 SANDWICH STREET,PLYMOUTH,MA,02360,41.897892,-70.62403,375
95296580-d64b-327f-8371-db472a7b23ec,b0e04623-b02c-3f8b-92ea-943fc4db60da,Dong972 Oberbrunner298,M,GENERAL PRACTICE,295 VARNUM AVENUE,LOWELL,MA,01854,42.638893,-71.32210699999997,213
ffa28d91-4dc2-3ba6-95cd-73e9b3ab4679,ebc3f5c4-6700-34af-8323-85621c313726,Benedict104 Ziemann98,M,GENERAL PRACTICE,115 WEST SILVER STREET,WESTFIELD,MA,01085,42.138838,-72.755911,238
0b10ac09-0d3d-3728-9bd3-8184cbdeb437,fd328395-ab1d-35c6-a2d0-d05a9a79cf11,Douglass930 Windler79,M,GENERAL PRACTICE,271 CAREW STREET,SPRINGFIELD,MA,01104,42.115454,-72.539978,107
d1fe09e2-e151-3876-a0c0-a0337cb47e4a,d692e283-0833-3201-8e55-4f868a9c0736,Jorge Luis88 Ruelas156,M,GENERAL PRACTICE,585 LEBANON STREET,MELROSE,MA,02176,42.455723,-71.05901899999998,631
cf589beb-f46b-38a8-8295-04098358c2d1,d78e84ec-30aa-3bba-a33a-f29a3a454662,Man114 Kuhic920,M,GENERAL PRACTICE,55 FRUIT STREET,BOSTON,MA,02114,42.33196,-71.020173,3
37e444b5-5bf0-3e4a-941f-680ceb95a022,8ad64ecf-c817-3753-bee7-006a8e662e06,Thea616 Harris789,F,GENERAL PRACTICE,88 WASHINGTON STREET,TAUNTON,MA,02780,41.903323,-71.094984,96
95161891-d3e8-3624-980e-ee229e530daf,23834663-ed53-3da9-b330-d6e1ecb8428e,Isreal8 Kihn564,M,GENERAL PRACTICE,363 HIGHLAND AVENUE,FALL RIVER,MA,02720,41.725351,-71.094162,125
fd1bcb05-3266-3b0d-962e-262627c912de,44bef9d3-91c2-3005-93e0-ccf436348ff0,Nelda514 Blanda868,F,GENERAL PRACTICE,243 CHARLES STREET,BOSTON,MA,02114,42.33196,-71.020173,226
1b0ddd0a-6e31-3e84-82d4-0a3c8b1bc9ed,60457c13-adb2-3415-82c5-86ab5dab5f93,Margery365 Paucek755,F,GENERAL PRACTICE,759 CHESTNUT STREET,SPRINGFIELD,MA,01199,42.115454,-72.539978,17
2a7747a3-828e-329b-9236-e0a1dba76a74,a9f20dc1-5147-3789-bcef-bbecb41c5983,Denisse335 Schulist381,F,GENERAL PRACTICE,70 EAST STREET,METHUEN,MA,01844,42.742751,-71.178588,477
921bf298-1a80-3ea2-a92c-6db0328aba36,7fb56531-86bd-3e4a-8619-4df9942da309,Jenniffer979 Ebert178,F,GENERAL PRACTICE,148 CHESTNUT STREET,NEEDHAM,MA,02494,42.281593,-71.242414,268
bf1de772-e487-3d5d-aefe-eeb8b453432e,03347b4d-994e-302b-848b-58019a4e274d,Lionel365 Lynch190,M,GENERAL PRACTICE,133 OLD ROAD TO 9 ACRE CORNER,W CONCORD,MA,01742,42.269478,-71.807783,2
250eb4c5-6956-3725-8484-5808f47c13ac,cb6a50e0-af76-3758-99ad-3200ede03fff,Trina350 Cummings51,F,GENERAL PRACTICE,330 BROOKLINE AVENUE,BOSTON,MA,02215,42.33196,-71.020173,6
52777328-d87a-31fc-aca7-ef20ebc78265,9a7149fa-49fc-3c87-b935-d29c55808717,Rudolf736 Mayert710,M,GENERAL PRACTICE,125 PARKER HILL AVENUE,BOSTON,MA,02120,42.33196,-71.020173,54
11db97eb-3a97-3a14-b355-0423a85b9256,24cb4eab-6166-3530-bddc-a5a8a14a4fc1,Olive251 Pollich983,F,GENERAL PRACTICE,14 PROSPECT STREET,MILFORD,MA,01757,42.158692,-71.521419,3
ae51a546-e713-342a-b6f3-11dcb10cc805,e44f438a-601b-30fb-85eb-bfaf8ddcb5ad,Sal878 Tremblay80,M,GENERAL PRACTICE,242 GREEN STREET,GARDNER,MA,01440,42.586516,-71.988062,356
d9ba405a-b5dd-3f40-ae44-52286f324550,ac8356a5-78f8-3a63-8a1e-59e832fd54e7,Jocelyn538 Green467,F,GENERAL PRACTICE,200 GROTON ROAD,AYER,MA,01432,42.562221,-71.58484399999998,578
69b80d78-a611-3514-b367-ed028536b3f6,db0acede-4abe-3c01-8d03-5c68a190d8c7,Amira620 Nienow652,F,GENERAL PRACTICE,55 FOGG ROAD,SOUTH WEYMOUTH,MA,02190,42.24158900000001,-71.082651,242
c10dfad9-7c14-3767-bfe5-3dc4a05376aa,3d10019f-c88e-3de5-9916-6107b9c0263d,Van763 Franecki195,F,GENERAL PRACTICE,2014 WASHINGTON STREET,NEWTON,MA,02462,42.331876,-71.208402,294
d6ae33fc-c4ef-338d-b37d-5428f6c64a77,f4e7709c-02f6-37ca-aeea-8247d74e88e7,Andrea7 Hirthe744,M,GENERAL PRACTICE,41 HIGHLAND AVENUE,WINCHESTER,MA,01890,42.452752,-71.144319,186
322cc69e-c0e4-3e79-9c21-d790c2d90528,12c9daf5-a29c-36c9-ac55-28972463e566,Patria17 Rutherford999,F,GENERAL PRACTICE,199 REEDSDALE ROAD,MILTON,MA,02186,42.24158900000001,-71.082651,249
c1a3731c-0f96-3f5b-98d9-036e770f3f37,226098a2-6a40-3588-b5bb-db56c3a30a04,Hal307 Renner328,M,GENERAL PRACTICE,235 NORTH PEARL STREET,BROCKTON,MA,02301,42.082543,-71.024638,38
72e4671a-de5d-305b-935c-331fd590cc75,b7175ab4-bde5-3848-891b-579bccb77c7c,Fritz267 Conroy74,M,GENERAL PRACTICE,800 WASHINGTON STREET,BOSTON,MA,02111,42.33196,-71.020173,33
43deb8bc-4e7e-3689-ad24-6c3b3a8472ea,3bd5eda0-16da-3ba5-8500-4dfd6ae118b8,Courtney281 Bradtke547,M,GENERAL PRACTICE,800 WASHINGTON STREET,NORWOOD,MA,02062,42.18736,-71.195955,12
c59279a9-48bb-3425-9a30-fb40a21d897a,d5117822-5756-389d-9547-891a372d580f,Regena252 Kunde533,F,GENERAL PRACTICE,67 & 100 TER HEUN DRIVE,FALMOUTH,MA,02540,41.57072,-70.556682,346
d66a78e9-f548-3df4-b142-af0ce5708011,f99c74cc-7d1a-3f95-9a33-4a9357bf2f2a,Iluminada398 Mueller846,F,GENERAL PRACTICE,55 LAKE AVENUE NORTH,WORCESTER,MA,01655,42.269478,-71.807783,107
641901aa-aa34-3e07-9890-c2b9f653bffb,6f122869-a856-3d65-8db9-099bf4f5bbb8,Jarrod316 Crooks415,M,GENERAL PRACTICE,41 & 45 MALL ROAD,BURLINGTON,MA,01803,42.503227,-71.201713,193
b0c25ca2-ca52-3cf0-8f3a-eb64d7315956,465de31f-3098-365c-af70-48a071e1f5aa,Houston994 Schiller186,M,GENERAL PRACTICE,115 LINCOLN STREET,FRAMINGHAM,MA,01701,42.307905,-71.436196,322
eedadb84-c6fd-3297-8ca9-f5267a6f9131,1eaf97fa-9de6-38de-a9c4-6efe5dc574be,Aline709 Turner526,F,GENERAL PRACTICE,123 SUMMER STREET,WORCESTER,MA,01608,42.269478,-71.807783,65
5f868732-99ae-38dd-8387-846e7a7989d2,80e919cc-df1a-3838-b75e-541564a286e5,Donnell534 Lehner980,M,GENERAL PRACTICE,57 PROSPECT STREET,NANTUCKET,MA,02554,41.293416,-70.10216899999999,18
2a9257a5-1b96-3d22-a76f-a5345a20cc5b,8e00f524-3a5f-313e-9542-378dfc61193f,Rodrick370 Corkery305,M,GENERAL PRACTICE,ONE HOSPITAL ROAD  FIRST FL  WING 5   PO BOX 1477,OAK BLUFFS,MA,02557,41.45716,-70.556101,11
37624c2b-1198-300f-976f-6373be7cba7d,5103c940-0c08-392f-95cd-446e0cea042a,Loma263 Funk324,F,GENERAL PRACTICE,516 CAREW STREET,SPRINGFIELD,MA,01104,42.115454,-72.539978,152
11122bd5-6669-3bc7-945a-b6117941283b,ff9863d3-3fa3-3861-900e-f00148f5d9c2,Linsey338 Hilll811,F,GENERAL PRACTICE,51 BLOSSOM STREET,BOSTON,MA,02114,42.33196,-71.020173,1
ae279e8d-4934-37a0-befe-bd0f375b016a,e0c85f99-d520-3f26-8dcd-cfbf172afc5a,Magdalene960 D'Amore443,F,GENERAL PRACTICE,108 Merrimack St.,Haverhill,MA,01830,42.77449,-71.07901,29
b258e42d-7532-3518-89d7-71a819ffb58a,ed146054-9dd5-3f0b-83df-d29d983039c3,Gregory545 Gusikowski974,M,GENERAL PRACTICE,233 Stevens St,Hyannis,MA,02601,41.651745,-70.294235,41
3e7363cf-89a8-3aa8-8bd9-6fc3aafd3021,5b7aa5b4-aa6f-3acc-bd96-01ce774cb614,Claud279 Braun514,M,GENERAL PRACTICE,10 George Street  Gateway Center,Lowell,MA,01852,42.642513,-71.3062,54
00b52594-aaa8-395e-9e59-3eb043322848,7ae92f6b-21d5-3e24-8265-d69bd2b9b4ca,Andrea7 Olivárez848,F,PSYCHIATRY,43 PENNYWISE PATH,EDGARTOWN,MA,02539-7031,41.37295,-70.482349,0
919e4afb-aaf6-3dbf-b7cb-751f5451e66c,7ae92f6b-21d5-3e24-8265-d69bd2b9b4ca,Sammie902 Watsica258,M,GENERAL PRACTICE,43 PENNYWISE PATH,EDGARTOWN,MA,02539-7031,41.37295,-70.482349,18
fe7a9a4d-ca5b-3b18-8485-5b514ccc228a,b6d84478-28bc-3ab1-8b5a-c64299f8960b,Erasmo545 Stanton715,M,CLINICAL SOCIAL WORKER,32 ROBBINS RD,WALPOLE,MA,02081-1925,42.146285999999996,-71.255604,0
b9aef6db-f105-3c1f-aedb-810eb9ee4a40,b6d84478-28bc-3ab1-8b5a-c64299f8960b,Erasmo545 Stanton715,M,GENERAL PRACTICE,32 ROBBINS RD,WALPOLE,MA,02081-1925,42.146285999999996,-71.255604,23
b6d0088a-65ef-3a22-a4a5-9b95383bc460,9ec35f20-8d1d-34d6-8663-2ef4d94521da,Dan465 Reichel38,F,CHIROPRACTIC,8 GOFFE ST,HADLEY,MA,01035-9559,42.356491,-72.568632,0
e8ddbb7a-6b8f-3d6f-a314-0369ed78aba9,9ec35f20-8d1d-34d6-8663-2ef4d94521da,Ralph813 Reichel38,M,GENERAL PRACTICE,8 GOFFE ST,HADLEY,MA,01035-9559,42.356491,-72.568632,29
03f21ecb-1116-3daf-a9cd-a36a9cf5d524,118326c9-d96a-3957-a0a0-e56768929308,Antonia30 Puente961,F,PHYSICAL THERAPY,30 CHURCH ST,BELMONT,MA,02478-4987,42.395317,-71.180284,0
93707dc9-f0d5-3679-b137-c4f22a070e27,118326c9-d96a-3957-a0a0-e56768929308,Kellye282 Kassulke119,F,PHYSICAL THERAPY,30 CHURCH ST,BELMONT,MA,02478-4987,42.395317,-71.180284,0
908eaff8-a071-3f9a-8c45-9fd4c4b1010a,118326c9-d96a-3957-a0a0-e56768929308,Marylyn194 Moen819,F,GENERAL PRACTICE,30 CHURCH ST,BELMONT,MA,02478-4987,42.395317,-71.180284,40
09389dc3-2273-32cf-a9b3-48d60ef9711b,1ac28f96-0233-3312-9f3e-111104ccbf14,Osvaldo336 Zemlak964,M,PSYCHIATRY,130 MAPLE ST,SPRINGFIELD,MA,01103-2214,42.115454,-72.539978,0
3d5e1d38-97c3-3916-84e8-843615015dfb,1ac28f96-0233-3312-9f3e-111104ccbf14,Abdul218 Schroeder447,M,PSYCHIATRY,130 MAPLE ST,SPRINGFIELD,MA,01103-2214,42.115454,-72.539978,0
c184e570-f831-3ef8-9485-d099be8e1a70,1ac28f96-0233-3312-9f3e-111104ccbf14,Crystal2 Conn188,F,PSYCHIATRY,130 MAPLE ST,SPRINGFIELD,MA,01103-2214,42.115454,-72.539978,0
02ec3768-019d-3e39-a0c3-f294698e82d9,1ac28f96-0233-3312-9f3e-111104ccbf14,Chantell995 Daniel959,F,PSYCHIATRY,130 MAPLE ST,SPRINGFIELD,MA,01103-2214,42.115454,-72.539978,0
8f71391f-a2f0-3c07-9773-2a5d6dade2c3,1ac28f96-0233-3312-9f3e-111104ccbf14,Luz785 Mascareñas995,F,GENERAL PRACTICE,130 MAPLE ST,SPRINGFIELD,MA,01103-2214,42.115454,-72.539978,50
069a27d6-e331-3c0f-82bd-91db74d2bbbf,e43fd7ef-4ec5-3f03-a270-c36158d48829,Nicolas769 Kling921,M,CLINICAL SOCIAL WORKER,100 GROVE ST,WORCESTER,MA,01605-2647,42.269478,-71.807783,0
98d7dc15-dfd9-3307-9b4f-9268ed5b3bed,e43fd7ef-4ec5-3f03-a270-c36158d48829,Will178 Goldner995,M,CLINICAL SOCIAL WORKER,100 GROVE ST,WORCESTER,MA,01605-2647,42.269478,-71.807783,0
326de5c1-ea12-3628-bb49-beede4e14fd3,e43fd7ef-4ec5-3f03-a270-c36158d48829,Maryann106 Kling921,F,GENERAL PRACTICE,100 GROVE ST,WORCESTER,MA,01605-2647,42.269478,-71.807783,12
a21fc2a7-0771-38d9-8f82-54b54306c62c,e447a2df-4bd5-34e4-a5f9-82f9da952fd5,Deangelo7 Corkery305,M,PHYSICAL THERAPY,38 SOUTHWEST CUTOFF UNIT B,NORTHBOROUGH,MA,01532-2159,42.323342,-71.646236,0
bc954707-ecec-320a-b39e-75da1f4aa8de,e447a2df-4bd5-34e4-a5f9-82f9da952fd5,Tommie457 Denesik803,F,PHYSICAL THERAPY,38 SOUTHWEST CUTOFF UNIT B,NORTHBOROUGH,MA,01532-2159,42.323342,-71.646236,0
baf920f0-091a-3582-9f9d-4a82ec5cbdfa,e447a2df-4bd5-34e4-a5f9-82f9da952fd5,Whitney250 Corkery305,F,GENERAL PRACTICE,38 SOUTHWEST CUTOFF UNIT B,NORTHBOROUGH,MA,01532-2159,42.323342,-71.646236,21
73b284a0-4427-3e29-ba18-479ade407120,735d39d3-d76b-30e0-909d-df29f162c687,Anton902 Kunde533,M,CLINICAL SOCIAL WORKER,1200 CONVERSE ST,LONGMEADOW,MA,01106-1675,42.047565000000006,-72.57113000000001,0
3e3683f1-d3b1-350a-ba37-af3203d3c6d0,735d39d3-d76b-30e0-909d-df29f162c687,Loree183 Kunde533,F,GENERAL PRACTICE,1200 CONVERSE ST,LONGMEADOW,MA,01106-1675,42.047565000000006,-72.57113000000001,36
39dfe4fe-9dcb-3615-bf34-4964831b5cb4,438e9d44-1f8f-3c7f-807c-754e714c4e29,Asuncion264 Schultz619,F,CLINICAL SOCIAL WORKER,441 WASHINGTON AVE,CHELSEA,MA,02150-3679,42.396824,-71.031348,0
9b93f4fe-b49b-398e-91c0-99b86f629658,438e9d44-1f8f-3c7f-807c-754e714c4e29,Alishia395 Nader710,F,CLINICAL SOCIAL WORKER,441 WASHINGTON AVE,CHELSEA,MA,02150-3679,42.396824,-71.031348,0
91e0a24f-eb8c-3bed-a63e-ec72611d32f9,438e9d44-1f8f-3c7f-807c-754e714c4e29,Perry780 Schultz619,M,GENERAL PRACTICE,441 WASHINGTON AVE,CHELSEA,MA,02150-3679,42.396824,-71.031348,74
709ba8bd-de0b-3071-ab6d-47f9ad4031f1,ac9a97a1-04a9-3b38-a235-891f47b50bd4,Humberto482 Bayer639,M,OPTOMETRY,342 GREAT RD,ACTON,MA,01720-4000,42.483953,-71.43849499999999,0
4ea2b1d0-75a8-3ece-bbcc-c63cc27b461a,ac9a97a1-04a9-3b38-a235-891f47b50bd4,Humberto482 Bayer639,M,GENERAL PRACTICE,342 GREAT RD,ACTON,MA,01720-4000,42.483953,-71.43849499999999,32
627b78ae-952d-372c-83b5-03222fd91f1e,14b1a38d-3553-32e3-b5bf-b02e34c4e675,Joesph309 Tremblay80,M,CLINICAL SOCIAL WORKER,915 ROUTE 28,HARWICH,MA,02645-3448,41.696512,-70.070113,0
fd9f5f2b-59b3-3bd3-aef2-151c5b7deff6,14b1a38d-3553-32e3-b5bf-b02e34c4e675,Jocelyn538 Tremblay80,F,GENERAL PRACTICE,915 ROUTE 28,HARWICH,MA,02645-3448,41.696512,-70.070113,28
b868236b-df55-3a99-971d-0ab8ec1d1788,9cc30835-37b7-309e-9503-f0cea4add0f2,Keith571 Armstrong51,M,GENERAL PRACTICE,4 S SPOONER ST,PLYMOUTH,MA,02360-4447,41.897892,-70.62403,25
a41e5396-9aff-3f83-bec6-bc7659bfb8b6,4d1f1bfd-2151-3665-96e1-07361b26e412,Hassan290 Hermann103,M,CLINICAL SOCIAL WORKER,664 MAIN ST A,AMHERST,MA,01002-2439,42.363534,-72.50729100000001,0
84e5c05b-0030-3c06-8552-045698c0ba84,4d1f1bfd-2151-3665-96e1-07361b26e412,Hassan290 Hermann103,M,GENERAL PRACTICE,664 MAIN ST A,AMHERST,MA,01002-2439,42.363534,-72.50729100000001,28
2dd6119a-1663-3309-99cb-158ef4f77478,17858e6e-2c6a-3458-8ef6-2c0dd5d834cf,Rolland302 Zulauf375,M,CHIROPRACTIC,840 MAIN ST,MILLIS,MA,02054-1542,42.173103000000005,-71.36375600000001,0
0b7f525b-abc6-333b-90f1-983c3d64e85c,17858e6e-2c6a-3458-8ef6-2c0dd5d834cf,Zita788 Schumm995,F,CHIROPRACTIC,840 MAIN ST,MILLIS,MA,02054-1542,42.173103000000005,-71.36375600000001,0
0cab8d02-9d7b-3b58-9c0a-a00564966681,17858e6e-2c6a-3458-8ef6-2c0dd5d834cf,Angie214 Zulauf375,F,GENERAL PRACTICE,840 MAIN ST,MILLIS,MA,02054-1542,42.173103000000005,-71.36375600000001,74
ec23e3ed-8dc4-310f-b074-c447eec98076,359955e0-ad22-3e44-808d-9f4b6908f262,Jeffrey461 Bode78,F,GENERAL PRACTICE,1311 BEDFORD ST,FALL RIVER,MA,02723-2637,41.725351,-71.094162,13
eeb1086a-fa01-32e4-884e-6ff42eef6366,3411f709-55c9-3006-a79f-50c052aa070d,Anita473 Goyette777,F,CLINICAL SOCIAL WORKER,84 N MAIN ST,ANDOVER,MA,01810-3835,42.648044,-71.161751,0
c70f60af-f45a-3611-b9cb-45402193e62b,3411f709-55c9-3006-a79f-50c052aa070d,Anita473 Goyette777,F,GENERAL PRACTICE,84 N MAIN ST,ANDOVER,MA,01810-3835,42.648044,-71.161751,61
a7820a89-07c1-3709-b190-5e8368e152b5,eddb3499-bc41-38e3-abd5-7d49a906a725,Detra426 Buckridge80,F,CLINICAL SOCIAL WORKER,224 GOODMANS HILL RD,SUDBURY,MA,01776-2414,42.383367,-71.42107,0
f1d238a8-0dcf-39e5-8a14-9105b11b004a,eddb3499-bc41-38e3-abd5-7d49a906a725,Detra426 Buckridge80,F,GENERAL PRACTICE,224 GOODMANS HILL RD,SUDBURY,MA,01776-2414,42.383367,-71.42107,61
50a8e67c-5bb8-3cfc-b767-ac9a4b80b3fe,3c2202f6-dc19-3f96-9229-b28daa57e231,Dallas143 Olson653,M,GENERAL PRACTICE,250 POND ST,BRAINTREE,MA,02184-5391,42.205416,-71.00216800000003,29
7ac41fe2-0b39-3a5f-a191-7135a9892293,edfb29dd-5916-362b-9e64-451844588844,Tonisha838 Langworth352,F,CLINICAL SOCIAL WORKER,10 SEARS ST,SHELBURNE FALLS,MA,01370-1009,42.609509,-72.74698000000001,0
dad1e398-f30a-3d25-a44c-7cfdabe5db6a,edfb29dd-5916-362b-9e64-451844588844,Tonisha838 Langworth352,F,GENERAL PRACTICE,10 SEARS ST,SHELBURNE FALLS,MA,01370-1009,42.609509,-72.74698000000001,59
07019719-fd64-3385-a740-822b98133290,aac92e78-fb05-349b-ab75-da8d6048352f,Kris249 Ryan260,M,OPTOMETRY,1662 FALMOUTH RD,CENTERVILLE,MA,02632-2948,41.662727,-70.357208,0
ff396b74-afc2-3b9e-9875-72cb7dade0e5,aac92e78-fb05-349b-ab75-da8d6048352f,Kris249 Ryan260,M,GENERAL PRACTICE,1662 FALMOUTH RD,CENTERVILLE,MA,02632-2948,41.662727,-70.357208,82
b5189082-c2dd-3346-adc7-551929c4c9ae,9dc2efa2-a015-3af2-a9aa-077cbb862801,Talitha643 Smitham825,F,CLINICAL PSYCHOLOGIST,60 ISLAND ST,LAWRENCE,MA,01840-1810,42.700272999999996,-71.161357,0
02592bb3-337b-3982-b57d-aeec3629c6da,9dc2efa2-a015-3af2-a9aa-077cbb862801,Rolf983 Smitham825,M,GENERAL PRACTICE,60 ISLAND ST,LAWRENCE,MA,01840-1810,42.700272999999996,-71.161357,28
3fcabb46-7b5d-38d2-a99e-9fbcf274b5df,306d6b38-22df-3d57-928b-0b6325551b86,David908 Fahey393,M,CLINICAL SOCIAL WORKER,4 BOUND BROOK CT,SCITUATE,MA,02066-1205,42.205062,-70.74297800000001,0
71516ffc-2b65-393f-b912-65fa73db246a,306d6b38-22df-3d57-928b-0b6325551b86,David908 Fahey393,M,GENERAL PRACTICE,4 BOUND BROOK CT,SCITUATE,MA,02066-1205,42.205062,-70.74297800000001,28
3de23097-70b4-308b-9366-385d79128020,40b31ec9-f9fa-31aa-a969-696b0ed228cb,Dorotea472 Sevilla788,F,CLINICAL PSYCHOLOGIST,GAIL A RACICOT EDD,SHREWSBURY,MA,01545-5265,42.284766999999995,-71.714228,0
97490204-cce0-32b3-a2f7-800be984549d,40b31ec9-f9fa-31aa-a969-696b0ed228cb,Caleb651 Zemlak964,M,CLINICAL PSYCHOLOGIST,GAIL A RACICOT EDD,SHREWSBURY,MA,01545-5265,42.284766999999995,-71.714228,0
1d48cffa-2244-3335-9076-576d9b6317e1,40b31ec9-f9fa-31aa-a969-696b0ed228cb,Shelby741 Daniel959,M,GENERAL PRACTICE,GAIL A RACICOT EDD,SHREWSBURY,MA,01545-5265,42.284766999999995,-71.714228,37
6258405f-3fc2-3564-b67c-e1f6a31c88c0,3aa3a744-7d82-38fc-a8b8-87a4f1ab78de,Josephine273 Waters156,F,CLINICAL PSYCHOLOGIST,1 PROSPECTOR RD,BILLERICA,MA,01821-3046,42.559673,-71.260947,0
74b4352f-66c2-3e8d-99c4-66baf7d62d03,3aa3a744-7d82-38fc-a8b8-87a4f1ab78de,Josephine273 Waters156,F,GENERAL PRACTICE,1 PROSPECTOR RD,BILLERICA,MA,01821-3046,42.559673,-71.260947,35
8e295d7b-0d63-3c55-a2fc-20f43c57536f,7084b460-d99c-3d71-81dc-09913a4624c9,Sherrill767 Bartoletti50,F,CLINICAL PSYCHOLOGIST,12 BEACONSFIELD RD,BROOKLINE,MA,02445-3305,42.323853,-71.142003,0
05da0eb3-0f73-3acc-9246-0389fbf7f4cd,7084b460-d99c-3d71-81dc-09913a4624c9,Sherrill767 Bartoletti50,F,GENERAL PRACTICE,12 BEACONSFIELD RD,BROOKLINE,MA,02445-3305,42.323853,-71.142003,37
aab2d506-ce8c-3257-9fdb-34cab30dabfa,0d6269d7-d51a-3bf5-ba28-ad4090e2a88f,Laura391 Solorzano931,F,PHYSICIAN ASSISTANT,100 HIGHLAND ST,MILTON,MA,02186-3874,42.241557,-71.082432,0
62952dfb-4d5b-39fa-ae5e-271aaf7da74d,0d6269d7-d51a-3bf5-ba28-ad4090e2a88f,Jefferson174 Jenkins714,M,PHYSICIAN ASSISTANT,100 HIGHLAND ST,MILTON,MA,02186-3874,42.241557,-71.082432,0
1e543267-7048-3afb-947b-016143344349,0d6269d7-d51a-3bf5-ba28-ad4090e2a88f,Delmer311 Medhurst46,M,GENERAL PRACTICE,100 HIGHLAND ST,MILTON,MA,02186-3874,42.241557,-71.082432,71
d2486481-8e08-3105-b301-cbd31e8e18d0,0d6269d7-d51a-3bf5-ba28-ad4090e2a88f,Ashli227 Medhurst46,F,INTERNAL MEDICINE,100 HIGHLAND ST,MILTON,MA,02186-3874,42.241557,-71.082432,0
35619e2c-e579-35c7-9183-0eb77e1948ea,0d6269d7-d51a-3bf5-ba28-ad4090e2a88f,Alica364 Jenkins714,F,INTERNAL MEDICINE,100 HIGHLAND ST,MILTON,MA,02186-3874,42.241557,-71.082432,0
8a670185-30bc-3847-9fce-135304d505d2,ecdc917d-a909-3a96-81b7-d6463b45afa5,Tanner110 Rolfson709,M,OPTOMETRY,113 CTR ST,CHICOPEE,MA,01013-1667,42.175668,-72.572257,0
8624e394-0941-3666-be93-86a3185d1bde,ecdc917d-a909-3a96-81b7-d6463b45afa5,Randi364 Schamberger479,F,OPTOMETRY,113 CTR ST,CHICOPEE,MA,01013-1667,42.175668,-72.572257,0
db68e48b-2407-3d80-a21f-9fd424abf299,ecdc917d-a909-3a96-81b7-d6463b45afa5,Jenee387 Bradtke547,F,OPTOMETRY,113 CTR ST,CHICOPEE,MA,01013-1667,42.175668,-72.572257,0
b8f60911-6270-38f9-889a-eaa81cfbd969,ecdc917d-a909-3a96-81b7-d6463b45afa5,Hortense60 VonRueden376,F,OPTOMETRY,113 CTR ST,CHICOPEE,MA,01013-1667,42.175668,-72.572257,0
b5a37b9e-6715-3d61-abfd-85e4fa9682f1,ecdc917d-a909-3a96-81b7-d6463b45afa5,Samatha845 Rolfson709,F,GENERAL PRACTICE,113 CTR ST,CHICOPEE,MA,01013-1667,42.175668,-72.572257,35
5ce0574a-dfeb-3fe2-8983-cac76d2f341c,984fe9f6-06e9-3d7f-826d-c9ee0b3755d0,Hedy234 Dach178,F,GENERAL PRACTICE,871 VARNUM AVE,LOWELL,MA,01854-1932,42.63898,-71.321141,28
b102b351-2267-33f9-90e2-b985e0c2e9bb,984fe9f6-06e9-3d7f-826d-c9ee0b3755d0,Mike230 Dach178,M,INTERNAL MEDICINE,871 VARNUM AVE,LOWELL,MA,01854-1932,42.63898,-71.321141,0
86204032-58db-347f-8397-2009670a40b5,42b121dc-0634-3067-9e79-465562a2b74e,Salvador46 Krajcik437,M,GENERAL PRACTICE,24 LANDMARK LN,ROCKPORT,MA,01966-1239,42.656952000000004,-70.60463,115
72cc0cad-6d1a-36d2-8aae-336dc4c9c518,42b121dc-0634-3067-9e79-465562a2b74e,Salvador46 Krajcik437,M,CLINICAL NURSE SPECIALIST,24 LANDMARK LN,ROCKPORT,MA,01966-1239,42.656952000000004,-70.60463,0
def3bde8-e258-3470-baa7-fd665eca7686,5223d897-f120-39cf-a356-d2e6eb5e88e9,Beatriz277 McCullough561,F,GENERAL PRACTICE,42 WASHINGTON ST,WELLESLEY,MA,02481-1817,42.305932,-71.282917,28
e4eaa769-c669-3c14-a3d9-347feeab5804,67ca2f4d-63b0-3182-b862-ddec66ee6bf4,Tristan353 Paucek755,M,OPTOMETRY,116 R HIGHLAND AVE,SALEM,MA,01970-2723,42.499248,-70.898204,0
30b61584-0485-36f2-b053-3865a6f0812f,67ca2f4d-63b0-3182-b862-ddec66ee6bf4,Cornell131 Kuvalis369,M,OPTOMETRY,116 R HIGHLAND AVE,SALEM,MA,01970-2723,42.499248,-70.898204,0
d3ef9e55-20bb-3ebe-89c4-b435e77d744c,67ca2f4d-63b0-3182-b862-ddec66ee6bf4,Debi992 Schulist381,F,OPTOMETRY,116 R HIGHLAND AVE,SALEM,MA,01970-2723,42.499248,-70.898204,0
20e68835-9837-3c91-a2da-237eecd27130,67ca2f4d-63b0-3182-b862-ddec66ee6bf4,Cinda869 Stark857,F,OPTOMETRY,116 R HIGHLAND AVE,SALEM,MA,01970-2723,42.499248,-70.898204,0
d170aa08-1a14-3cf5-99a6-bb85889e47ad,67ca2f4d-63b0-3182-b862-ddec66ee6bf4,Tristan353 Paucek755,M,OPHTHALMOLOGY,116 R HIGHLAND AVE,SALEM,MA,01970-2723,42.499248,-70.898204,0
1be52c02-6d04-3150-a387-7f460fb64905,67ca2f4d-63b0-3182-b862-ddec66ee6bf4,Cornell131 Kuvalis369,M,OPHTHALMOLOGY,116 R HIGHLAND AVE,SALEM,MA,01970-2723,42.499248,-70.898204,0
553d77d0-c6d2-3661-9634-ed31c977f79f,67ca2f4d-63b0-3182-b862-ddec66ee6bf4,Tristan353 Paucek755,M,GENERAL PRACTICE,116 R HIGHLAND AVE,SALEM,MA,01970-2723,42.499248,-70.898204,64
020b837d-1e3c-38e7-aa37-54bb1985beb3,04f553c5-5858-30a6-b318-f1e07a89c8bf,Randall756 Swift555,M,GENERAL PRACTICE,99 WALNUT ST,SAUGUS,MA,01906-1981,42.468432,-71.01394599999999,73
26ba6204-9e23-30be-9a91-e96a53126748,001d000f-be37-3cf2-9339-6b613dd0117d,Laverne101 Marquardt819,F,GENERAL PRACTICE,500 SALEM ST,WILMINGTON,MA,01887-1200,42.564646999999994,-71.164516,59
c6b881a5-ac66-3e17-b74a-277cb0f55689,cac21f35-c3b3-36a7-a08b-4ecbafb9df43,Patricio639 Anaya940,M,GENERAL PRACTICE,84 HIGH ST,MEDFORD,MA,02155-3819,42.423844,-71.10923100000001,16
b6259c35-364c-3c2c-9fb4-5d68d028030f,2de9783e-fb2f-3642-b529-127b76017354,Elliott563 Sauer652,M,CLINICAL PSYCHOLOGIST,45 RESNIK RD,PLYMOUTH,MA,02360-4843,41.897892,-70.62403,0
f48dd2c8-10ef-3fe9-8e7c-745a8549f99f,2de9783e-fb2f-3642-b529-127b76017354,Melodie819 Schuppe920,F,CLINICAL PSYCHOLOGIST,45 RESNIK RD,PLYMOUTH,MA,02360-4843,41.897892,-70.62403,0
551cb5f7-1050-3534-9abc-2509f424b42a,2de9783e-fb2f-3642-b529-127b76017354,Ngan798 Sauer652,F,CLINICAL SOCIAL WORKER,45 RESNIK RD,PLYMOUTH,MA,02360-4843,41.897892,-70.62403,0
a5a051ce-34ad-3dd2-b877-090daa54d8e7,2de9783e-fb2f-3642-b529-127b76017354,Melodie819 Schuppe920,F,CLINICAL SOCIAL WORKER,45 RESNIK RD,PLYMOUTH,MA,02360-4843,41.897892,-70.62403,0
7f0d9a59-0f9c-3c53-b7ff-accea9ba7bae,2de9783e-fb2f-3642-b529-127b76017354,Toccara373 Considine820,F,CLINICAL SOCIAL WORKER,45 RESNIK RD,PLYMOUTH,MA,02360-4843,41.897892,-70.62403,0
e4041576-0c4a-30d0-9e56-a85060bd9788,2de9783e-fb2f-3642-b529-127b76017354,Antione404 Windler79,M,CLINICAL SOCIAL WORKER,45 RESNIK RD,PLYMOUTH,MA,02360-4843,41.897892,-70.62403,0
3ec53490-4790-339f-8341-6e37700485fa,2de9783e-fb2f-3642-b529-127b76017354,Gerardo48 Laboy63,M,CLINICAL SOCIAL WORKER,45 RESNIK RD,PLYMOUTH,MA,02360-4843,41.897892,-70.62403,0
2efc5f49-92f3-3a82-a784-10545eada765,2de9783e-fb2f-3642-b529-127b76017354,Hettie215 Bosco882,F,CLINICAL SOCIAL WORKER,45 RESNIK RD,PLYMOUTH,MA,02360-4843,41.897892,-70.62403,0
ddde3bbc-b648-377d-8f59-d897e65b907b,2de9783e-fb2f-3642-b529-127b76017354,Mardell937 Nicolas769,F,CLINICAL SOCIAL WORKER,45 RESNIK RD,PLYMOUTH,MA,02360-4843,41.897892,-70.62403,0
ea36aa1e-966b-3da1-b879-c759dc7ef2da,2de9783e-fb2f-3642-b529-127b76017354,Bennett146 Kling921,M,CLINICAL SOCIAL WORKER,45 RESNIK RD,PLYMOUTH,MA,02360-4843,41.897892,-70.62403,0
9bda0353-1541-3462-b2eb-da5ab364d0ba,2de9783e-fb2f-3642-b529-127b76017354,Delphia725 Runolfsdottir785,F,CLINICAL SOCIAL WORKER,45 RESNIK RD,PLYMOUTH,MA,02360-4843,41.897892,-70.62403,0
6a120c8e-8aa4-376b-94de-4bda06eac760,2de9783e-fb2f-3642-b529-127b76017354,Clyde817 McCullough561,F,CLINICAL SOCIAL WORKER,45 RESNIK RD,PLYMOUTH,MA,02360-4843,41.897892,-70.62403,0
46c76c20-7b81-3c5c-99b9-ec151e80568a,2de9783e-fb2f-3642-b529-127b76017354,Ngan798 Sauer652,F,PHYSICAL THERAPY,45 RESNIK RD,PLYMOUTH,MA,02360-4843,41.897892,-70.62403,0
d0625ee5-64a7-3226-a312-72032499b98f,2de9783e-fb2f-3642-b529-127b76017354,Keven605 Schuppe920,M,PHYSICAL THERAPY,45 RESNIK RD,PLYMOUTH,MA,02360-4843,41.897892,-70.62403,0
e0a288ce-473f-343a-8243-fa9d99472ee0,2de9783e-fb2f-3642-b529-127b76017354,Toccara373 Considine820,F,PHYSICAL THERAPY,45 RESNIK RD,PLYMOUTH,MA,02360-4843,41.897892,-70.62403,0
9a54b980-0eb0-3118-914e-cd16a8e975ad,2de9783e-fb2f-3642-b529-127b76017354,Quiana329 Windler79,F,PHYSICAL THERAPY,45 RESNIK RD,PLYMOUTH,MA,02360-4843,41.897892,-70.62403,0
58914665-fd3e-374b-833e-54505c783417,2de9783e-fb2f-3642-b529-127b76017354,Everette494 Goldner995,M,PHYSICAL THERAPY,45 RESNIK RD,PLYMOUTH,MA,02360-4843,41.897892,-70.62403,0
5cf8cee4-8050-372b-b36b-319b2a245daf,2de9783e-fb2f-3642-b529-127b76017354,Scottie437 Bosco882,M,PHYSICAL THERAPY,45 RESNIK RD,PLYMOUTH,MA,02360-4843,41.897892,-70.62403,0
b89b8e1c-e7b1-31d3-8e71-380b81ba98de,2de9783e-fb2f-3642-b529-127b76017354,Mardell937 Nicolas769,F,PHYSICAL THERAPY,45 RESNIK RD,PLYMOUTH,MA,02360-4843,41.897892,-70.62403,0
7e5e62d5-ca1c-3093-8097-c5d8213d6a04,2de9783e-fb2f-3642-b529-127b76017354,Bennett146 Kling921,M,PHYSICAL THERAPY,45 RESNIK RD,PLYMOUTH,MA,02360-4843,41.897892,-70.62403,0
192445a0-225c-3963-b590-279f619426a6,2de9783e-fb2f-3642-b529-127b76017354,Delphia725 Runolfsdottir785,F,PHYSICAL THERAPY,45 RESNIK RD,PLYMOUTH,MA,02360-4843,41.897892,-70.62403,0
4d0bed60-8d60-39b3-a1cc-3a9bb6004470,2de9783e-fb2f-3642-b529-127b76017354,Clyde817 McCullough561,F,PHYSICAL THERAPY,45 RESNIK RD,PLYMOUTH,MA,02360-4843,41.897892,-70.62403,0
943f8ed1-031b-3b14-bd65-e0ff40378a60,2de9783e-fb2f-3642-b529-127b76017354,Wes853 Nienow652,M,PHYSICAL THERAPY,45 RESNIK RD,PLYMOUTH,MA,02360-4843,41.897892,-70.62403,0
4242a7c2-1922-3cbe-a0e7-85cbdeef8aef,2de9783e-fb2f-3642-b529-127b76017354,Lavone763 Klocko335,F,PHYSICAL THERAPY,45 RESNIK RD,PLYMOUTH,MA,02360-4843,41.897892,-70.62403,0
d958fa9b-7a39-38fb-ae4f-af0e6b3795d4,2de9783e-fb2f-3642-b529-127b76017354,Ngan798 Sauer652,F,GENERAL PRACTICE,45 RESNIK RD,PLYMOUTH,MA,02360-4843,41.897892,-70.62403,57
11bd3236-d15f-32c9-82ee-77bd881ec7de,6e4e0ab8-f77b-3ea2-9f88-c3804f9e3c20,Noel608 Howell947,M,OPTOMETRY,35 MIDDLE ST,GLOUCESTER,MA,01930-5774,42.62885,-70.685875,0
c6d15b2e-f2f6-3de6-bc02-1309c8e4ef87,6e4e0ab8-f77b-3ea2-9f88-c3804f9e3c20,Benjamín452 Sotelo656,M,OPHTHALMOLOGY,35 MIDDLE ST,GLOUCESTER,MA,01930-5774,42.62885,-70.685875,0
0325e841-d826-381a-943a-09e67ca75c4c,6e4e0ab8-f77b-3ea2-9f88-c3804f9e3c20,Crysta430 Howell947,F,GENERAL PRACTICE,35 MIDDLE ST,GLOUCESTER,MA,01930-5774,42.62885,-70.685875,32
524b7e23-b990-3edc-ab86-7b5258afec8f,e0eec05c-8ee7-357b-90c8-9656b914ccc8,Amy965 Senger904,F,OPTOMETRY,600 BROADWAY,SAUGUS,MA,01906-3201,42.468432,-71.01394599999999,0
50dd1561-acdc-34fd-9045-19fe7a5f352c,e0eec05c-8ee7-357b-90c8-9656b914ccc8,Amy965 Senger904,F,GENERAL PRACTICE,600 BROADWAY,SAUGUS,MA,01906-3201,42.468432,-71.01394599999999,27
ffa3bfde-47ce-33e8-84ec-81d51ed4647e,c36c48c8-ef2d-3343-b17d-62b892598fd6,Guy979 Padberg411,M,PULMONARY DISEASE,6 LEXINGTON ST,WALTHAM,MA,02452-4401,42.388921,-71.24226800000001,0
a86d6499-7893-35bd-bdc3-411acd2acd54,c36c48c8-ef2d-3343-b17d-62b892598fd6,Guy979 Padberg411,M,NEPHROLOGY,6 LEXINGTON ST,WALTHAM,MA,02452-4401,42.388921,-71.24226800000001,0
eadad470-3509-38fc-8978-6ff9a79c9f00,c36c48c8-ef2d-3343-b17d-62b892598fd6,Guy979 Padberg411,M,GENERAL PRACTICE,6 LEXINGTON ST,WALTHAM,MA,02452-4401,42.388921,-71.24226800000001,66
ac566954-212e-3ed4-83f1-f57bc4da64f5,c36c48c8-ef2d-3343-b17d-62b892598fd6,Guy979 Padberg411,M,INTERNAL MEDICINE,6 LEXINGTON ST,WALTHAM,MA,02452-4401,42.388921,-71.24226800000001,0
a5548440-c268-332a-8ca8-6d765a6689c1,32dd69c8-377f-3760-b969-8742d583217e,Rickie717 Spencer878,M,GENERAL PRACTICE,100 HIGHLAND ST,MILTON,MA,02186-3878,42.241557,-71.082432,76
a55d652b-208d-323b-ba99-c9fe3f62b050,c72d4717-c134-3926-80b9-912bc591aabf,Cleotilde229 Monahan736,F,PHYSICAL THERAPY,131 COOLIDGE ST,HUDSON,MA,01749-1331,42.389071,-71.545864,0
1a7b6d1e-8827-3731-9577-633f3c26af2f,c72d4717-c134-3926-80b9-912bc591aabf,Henry768 Keebler762,M,PHYSICAL THERAPY,131 COOLIDGE ST,HUDSON,MA,01749-1331,42.389071,-71.545864,0
8cd50dfe-0c8e-3cfc-b7fd-33981ad9ed63,c72d4717-c134-3926-80b9-912bc591aabf,Elisha578 Wolf938,F,PHYSICAL THERAPY,131 COOLIDGE ST,HUDSON,MA,01749-1331,42.389071,-71.545864,0
f9517797-d1a1-3e5f-856c-f2dd513e4458,c72d4717-c134-3926-80b9-912bc591aabf,Deloras136 Schimmel440,F,PHYSICAL THERAPY,131 COOLIDGE ST,HUDSON,MA,01749-1331,42.389071,-71.545864,0
44c73cda-77f5-3315-8e4f-e83d99d79eb6,c72d4717-c134-3926-80b9-912bc591aabf,Claude750 Monahan736,M,GENERAL PRACTICE,131 COOLIDGE ST,HUDSON,MA,01749-1331,42.389071,-71.545864,43
e9fd8142-ea24-38de-9eb9-35aa039f782c,1a109958-31dc-3cbf-9b84-9c020cdef923,Lashonda618 Mosciski958,F,GENERAL PRACTICE,173 MOUNT AUBURN ST,WATERTOWN,MA,02472-4005,42.369451,-71.177925,59
fca3bd3b-7f14-3b09-88fb-4482286e89a3,3fc7a7c6-9bb7-3495-a79e-829833965b42,Elias404 Koss676,M,CHIROPRACTIC,369 MERRIMACK ST,METHUEN,MA,01844-6562,42.742751,-71.178588,0
ffda6d46-d6e7-308e-9d19-655139103dfe,3fc7a7c6-9bb7-3495-a79e-829833965b42,Lashonda618 Koss676,F,GENERAL PRACTICE,369 MERRIMACK ST,METHUEN,MA,01844-6562,42.742751,-71.178588,57
eab2f0f6-3a6f-3bb6-b09a-ef55c72599c7,2dc7a6b2-bee6-3ae6-b3fe-4117382d73ee,Santiago500 Reyes140,M,CLINICAL SOCIAL WORKER,56 MAIN ST,ASHBURNHAM,MA,01430-1242,42.648697,-71.919896,0
a8faf3ad-7fdf-3857-8a3f-98344846c72a,2dc7a6b2-bee6-3ae6-b3fe-4117382d73ee,Kristopher775 Stanton715,M,GENERAL PRACTICE,56 MAIN ST,ASHBURNHAM,MA,01430-1242,42.648697,-71.919896,47
401ca54e-92eb-31ae-9566-1607c7944de1,fb28cf4c-955b-32c7-906e-4b9ad6f5678a,Lannie207 Effertz744,F,PHYSICAL THERAPY,169 N FRANKLIN ST,HOLBROOK,MA,02343-1111,42.140346,-70.997861,0
a5051425-ef7c-3e80-ad6e-8d2907c2aa54,fb28cf4c-955b-32c7-906e-4b9ad6f5678a,Marlon619 Barrows492,M,PHYSICAL THERAPY,169 N FRANKLIN ST,HOLBROOK,MA,02343-1111,42.140346,-70.997861,0
b16de10e-bb42-3480-8c98-4210e76b2a13,fb28cf4c-955b-32c7-906e-4b9ad6f5678a,Sara501 Agosto501,F,PHYSICAL THERAPY,169 N FRANKLIN ST,HOLBROOK,MA,02343-1111,42.140346,-70.997861,0
09b30a53-bce6-3660-aa4a-766cd968f78d,fb28cf4c-955b-32c7-906e-4b9ad6f5678a,Carmen818 Huel628,M,PHYSICAL THERAPY,169 N FRANKLIN ST,HOLBROOK,MA,02343-1111,42.140346,-70.997861,0
62018a91-9b55-3d16-aeb9-6527b806fb35,fb28cf4c-955b-32c7-906e-4b9ad6f5678a,Gerda633 Prosacco716,F,PHYSICAL THERAPY,169 N FRANKLIN ST,HOLBROOK,MA,02343-1111,42.140346,-70.997861,0
6b6bb9e3-ea0f-3c65-a2f1-1a152917170e,fb28cf4c-955b-32c7-906e-4b9ad6f5678a,Virgil85 Lebsack687,M,PHYSICAL THERAPY,169 N FRANKLIN ST,HOLBROOK,MA,02343-1111,42.140346,-70.997861,0
440ba4a0-e311-3a79-88ec-f6b23880c53d,fb28cf4c-955b-32c7-906e-4b9ad6f5678a,Giuseppe872 Effertz744,M,GENERAL PRACTICE,169 N FRANKLIN ST,HOLBROOK,MA,02343-1111,42.140346,-70.997861,15
dc0fc9c4-cbe5-3ba3-aa14-9a92da73eedc,fb28cf4c-955b-32c7-906e-4b9ad6f5678a,Lannie207 Effertz744,F,INTERNAL MEDICINE,169 N FRANKLIN ST,HOLBROOK,MA,02343-1111,42.140346,-70.997861,0
54b1877b-20c0-3cb9-95e6-cecb3a9ddb23,08a8eb50-654a-3acf-ac45-58c10823aa40,Valene773 Weber641,F,GENERAL PRACTICE,233 HARVARD ST,BROOKLINE,MA,02446-5017,42.323853,-71.142003,11
9d457661-2d6e-3006-8c1a-e7e428232461,e31728d2-e211-354d-9bb6-798887761da5,Ardith914 Borer986,F,GENERAL PRACTICE,9 MILL AND MAIN PL,MAYNARD,MA,01754-2651,42.425955,-71.45625600000001,55
4faf1b37-24fe-33ef-ad34-1516d616ba65,e31728d2-e211-354d-9bb6-798887761da5,Royal919 Borer986,M,INTERNAL MEDICINE,9 MILL AND MAIN PL,MAYNARD,MA,01754-2651,42.425955,-71.45625600000001,0
3142fac8-fde8-3776-8bee-c9b3547cf03f,e31728d2-e211-354d-9bb6-798887761da5,Blake449 Upton904,M,INTERNAL MEDICINE,9 MILL AND MAIN PL,MAYNARD,MA,01754-2651,42.425955,-71.45625600000001,0
46a94b24-30c5-3119-a8a2-25c571be0258,222b33ea-4ace-33a6-bb73-3121c9c895bd,Hong136 Boehm581,M,CHIROPRACTIC,632 MAIN ST,DENNIS,MA,02638-1906,41.706123,-70.164823,0
851976f4-edbc-3f7b-814c-1f7dcc5e1c3d,222b33ea-4ace-33a6-bb73-3121c9c895bd,Karine844 Boehm581,F,GENERAL PRACTICE,632 MAIN ST,DENNIS,MA,02638-1906,41.706123,-70.164823,74
353c003a-a096-39d0-86cd-87dcea6d4a46,14ef3da1-8343-3a2e-901e-9adc753b81b7,Adalberto916 VonRueden376,M,OPTOMETRY,334 WALNUT ST EXT,AGAWAM,MA,01001,42.064731,-72.653477,0
2b9147ea-af51-3969-8648-9dad09b69b23,14ef3da1-8343-3a2e-901e-9adc753b81b7,Kelsey155 VonRueden376,F,GENERAL PRACTICE,334 WALNUT ST EXT,AGAWAM,MA,01001,42.064731,-72.653477,85
641729aa-e3e5-3119-be42-f869e7c40ec0,ea04cb4f-a20f-3ae3-a938-79a5ffb2cc86,Curt84 Torphy630,M,CHIROPRACTIC,142 SHIRLEY AVE,REVERE,MA,02151-3211,42.421005,-70.99036,0
664e9dee-4cc9-3ce5-a9fb-dd5a78da1d2c,ea04cb4f-a20f-3ae3-a938-79a5ffb2cc86,Kristen940 Torphy630,F,GENERAL PRACTICE,142 SHIRLEY AVE,REVERE,MA,02151-3211,42.421005,-70.99036,56
efc46b47-caf2-3e79-b76f-1cc153740898,c7aa0e46-5ba7-31a2-8c89-a6080f4a0b69,Joel444 Von197,M,GENERAL PRACTICE,333 ELM ST,DEDHAM,MA,02026-4530,42.246871999999996,-71.179462,91
72ec046f-4d99-3868-9bb1-203b43c7c955,836ab8bc-9c78-3d9a-bab4-395e87cbc3db,Joshua658 Adams676,F,PODIATRY,380 LOWELL ST,WAKEFIELD,MA,01880-1984,42.50436,-71.064061,0
f6af0f7a-0941-392a-b856-54bf30225814,836ab8bc-9c78-3d9a-bab4-395e87cbc3db,Jamika47 Shanahan202,F,PODIATRY,380 LOWELL ST,WAKEFIELD,MA,01880-1984,42.50436,-71.064061,0
89c9f235-dabe-34bc-9cfc-eca497c91a34,836ab8bc-9c78-3d9a-bab4-395e87cbc3db,Caleb651 Adams676,M,GENERAL PRACTICE,380 LOWELL ST,WAKEFIELD,MA,01880-1984,42.50436,-71.064061,67
ffd9c790-acfc-3f51-8f0c-0a16193abef4,f9d686d4-0133-30a3-ab72-80c9e93921f4,Tyler508 Hickle134,F,GENERAL PRACTICE,169 N FRANKLIN ST,HOLBROOK,MA,02343-1111,42.140346,-70.997861,42
5ed01696-964f-39cb-a022-0b10780080ed,20035438-faf9-3434-b171-8bf6dd712735,Jed345 Terry864,M,GENERAL PRACTICE,1234 BROADWAY,SOMERVILLE,MA,02144-1703,42.390445,-71.101033,72
d4c6af8e-fe34-3e78-ab37-f90bd89603ad,49bf5812-29f3-32c7-88de-329eb3864885,Sanford861 Goodwin327,M,CHIROPRACTIC,627 COLLEGE HWY 2,SOUTHWICK,MA,01077-9829,42.05257,-72.777353,0
c0f4c4fe-e09a-3bd0-881e-8463508b1a8e,49bf5812-29f3-32c7-88de-329eb3864885,Stasia733 Goodwin327,F,GENERAL PRACTICE,627 COLLEGE HWY 2,SOUTHWICK,MA,01077-9829,42.05257,-72.777353,31
66381f1d-7054-3042-b413-8305b5fb5324,1776755d-7040-3d15-b588-d67de0149d76,Judi176 Deckow585,F,OCCUPATIONAL THERAPY,5 CROWLEY RD,WESTHAMPTON,MA,01027-9637,42.314078,-72.777977,0
524228f2-4fef-3472-8a3c-c8d0fe730dfb,1776755d-7040-3d15-b588-d67de0149d76,Jarrod316 Deckow585,M,GENERAL PRACTICE,5 CROWLEY RD,WESTHAMPTON,MA,01027-9637,42.314078,-72.777977,33
45c1e125-3194-3c97-ada4-aeb686e3a22a,ef3ba8f6-dfc8-3bc3-b630-dfceb54940e1,Carson894 Feest103,M,GENERAL PRACTICE,100 HIGHLAND ST,MILTON,MA,02186-3874,42.241557,-71.082432,74
b9c65281-a94b-3283-8019-19fa2c60a025,d8a8566f-d94f-3f66-98f9-3f3eb22fb6c1,Anita473 Herrera193,F,NURSE PRACTITIONER,421 MERRIMACK ST,METHUEN,MA,01844-5865,42.742751,-71.178588,0
857098d4-7dd8-326c-b4a9-ebf5a7c8a4a0,d8a8566f-d94f-3f66-98f9-3f3eb22fb6c1,Lino542 McCullough561,M,NURSE PRACTITIONER,421 MERRIMACK ST,METHUEN,MA,01844-5865,42.742751,-71.178588,0
c1dee60a-a69a-395a-970f-1894dbe29834,d8a8566f-d94f-3f66-98f9-3f3eb22fb6c1,Susanna279 Huels583,F,NURSE PRACTITIONER,421 MERRIMACK ST,METHUEN,MA,01844-5865,42.742751,-71.178588,0
f3a184fa-b454-3680-b669-b00793573db8,d8a8566f-d94f-3f66-98f9-3f3eb22fb6c1,Sharita792 Eichmann909,F,NURSE PRACTITIONER,421 MERRIMACK ST,METHUEN,MA,01844-5865,42.742751,-71.178588,0
9693675f-b42d-33d9-99ea-46561532720e,d8a8566f-d94f-3f66-98f9-3f3eb22fb6c1,Renato359 Rowe323,M,NURSE PRACTITIONER,421 MERRIMACK ST,METHUEN,MA,01844-5865,42.742751,-71.178588,0
ed267ffe-00c5-3885-a812-f94548522091,d8a8566f-d94f-3f66-98f9-3f3eb22fb6c1,Tonia627 Mayert710,F,NURSE PRACTITIONER,421 MERRIMACK ST,METHUEN,MA,01844-5865,42.742751,-71.178588,0
3ccfd37a-3753-3c0e-9546-10ce107a04c7,d8a8566f-d94f-3f66-98f9-3f3eb22fb6c1,Filiberto722 Runolfsson901,M,PHYSICAL THERAPY,421 MERRIMACK ST,METHUEN,MA,01844-5865,42.742751,-71.178588,0
13c0dad2-f5a3-3c0f-bda1-267b37fc6813,d8a8566f-d94f-3f66-98f9-3f3eb22fb6c1,Andree11 McCullough561,F,PHYSICAL THERAPY,421 MERRIMACK ST,METHUEN,MA,01844-5865,42.742751,-71.178588,0
875a9d69-bd1a-39c3-9b60-2fa684f6168b,d8a8566f-d94f-3f66-98f9-3f3eb22fb6c1,Filiberto722 Runolfsson901,M,GENERAL PRACTICE,421 MERRIMACK ST,METHUEN,MA,01844-5865,42.742751,-71.178588,88
aaa87bc7-e125-3f9c-b3c7-49eef5fdfa22,d8a8566f-d94f-3f66-98f9-3f3eb22fb6c1,Filiberto722 Runolfsson901,M,INTERNAL MEDICINE,421 MERRIMACK ST,METHUEN,MA,01844-5865,42.742751,-71.178588,0
00040004-bdaf-302f-9535-ad7787529ca3,d8a8566f-d94f-3f66-98f9-3f3eb22fb6c1,Andree11 McCullough561,F,INTERNAL MEDICINE,421 MERRIMACK ST,METHUEN,MA,01844-5865,42.742751,-71.178588,0
3765552e-fd8d-316e-9517-19a9b169b54f,d8a8566f-d94f-3f66-98f9-3f3eb22fb6c1,Eloy929 Huels583,M,INTERNAL MEDICINE,421 MERRIMACK ST,METHUEN,MA,01844-5865,42.742751,-71.178588,0
d8d4396e-7f22-3d5c-a47a-5825c27b200d,d8a8566f-d94f-3f66-98f9-3f3eb22fb6c1,Sharita792 Eichmann909,F,INTERNAL MEDICINE,421 MERRIMACK ST,METHUEN,MA,01844-5865,42.742751,-71.178588,0
4907e840-ccc6-3270-b33f-90101ad72f2b,04831a0b-4b17-31f7-96de-88a95271d2f8,Elva122 Kuhlman484,F,GENERAL PRACTICE,63 MAIN ST,BRIDGEWATER,MA,02324-1455,41.972376000000004,-70.978773,32
c18adc11-0605-374b-80e4-91c2c42e3c04,71b08c55-0ff2-3b9c-9779-f0e77c1598e0,Shayne60 Huels583,F,GENERAL PRACTICE,100 BOSTON RD E,GROTON,MA,01450-1879,42.61176,-71.565269,51
7da93bd1-134b-3dfb-9a42-dfa694d6435a,71b08c55-0ff2-3b9c-9779-f0e77c1598e0,Lowell343 Huels583,M,INTERNAL MEDICINE,100 BOSTON RD E,GROTON,MA,01450-1879,42.61176,-71.565269,0
05ec1f88-6739-35a4-a7f7-0bfb2bb51859,71b08c55-0ff2-3b9c-9779-f0e77c1598e0,Cary869 Effertz744,M,INTERNAL MEDICINE,100 BOSTON RD E,GROTON,MA,01450-1879,42.61176,-71.565269,0
40eb70f1-64f2-3f95-9fae-9e784fdc0bd6,71b08c55-0ff2-3b9c-9779-f0e77c1598e0,Julene165 Ledner144,F,INTERNAL MEDICINE,100 BOSTON RD E,GROTON,MA,01450-1879,42.61176,-71.565269,0
fb379a33-5d25-3dd6-86ec-4e2505128ffb,b6471dd5-648d-3f66-9ff4-c66afbf5df2c,Ardith914 Sporer811,F,GENERAL PRACTICE,31 LAKE ST,GARDNER,MA,01440-3889,42.584206,-71.988737,63
a3257118-00b8-3fc1-b21a-e2ab8c4c9599,f14c80d1-186a-3f01-b86c-4c3d4c10b387,Malcolm243 McGlynn426,M,OPTOMETRY,174 BROADWAY,SOMERVILLE,MA,02145-3129,42.390445,-71.101033,0
1c4f3989-39af-3a0a-a154-69afbf323b93,f14c80d1-186a-3f01-b86c-4c3d4c10b387,Rozella39 Jakubowski832,F,OPTOMETRY,174 BROADWAY,SOMERVILLE,MA,02145-3129,42.390445,-71.101033,0
eb283ec2-8a0f-3b7b-a437-bed5becdb2ae,f14c80d1-186a-3f01-b86c-4c3d4c10b387,Shenna471 McGlynn426,F,GENERAL PRACTICE,174 BROADWAY,SOMERVILLE,MA,02145-3129,42.390445,-71.101033,32
e6f7a6f6-e1f6-381d-ad11-5cccea6df4c6,e88cb3ec-2287-34a4-bd38-6127df29fb29,Halley419 Metz686,F,OPHTHALMOLOGY,362 SEWALL ST,LUDLOW,MA,01056-2711,42.183577,-72.457812,0
5ca4857a-90af-3ed2-bd24-e3ebcb9bea6a,e88cb3ec-2287-34a4-bd38-6127df29fb29,Halley419 Metz686,F,GENERAL PRACTICE,362 SEWALL ST,LUDLOW,MA,01056-2711,42.183577,-72.457812,86
b700f4ac-df8c-3233-bf43-8960aad827c3,713ea039-9274-3868-ae43-2d2a7b74e334,Nicholas495 Conn188,M,GENERAL PRACTICE,50 TREMONT ST,MELROSE,MA,02176-2721,42.455723,-71.05901899999999,30
ba743558-d3d4-3bd8-ac51-c6505145146b,bf831193-0c51-3d98-98bf-3ddd11eb4372,Nicky270 Nolan344,M,AUDIOLOGIST,341 STATE RD,DARTMOUTH,MA,02747-4313,41.56651,-70.958229,0
4a455fe5-cbc6-31ef-b5e2-acddf25b3e6a,bf831193-0c51-3d98-98bf-3ddd11eb4372,Valery629 Nolan344,F,GENERAL PRACTICE,341 STATE RD,DARTMOUTH,MA,02747-4313,41.56651,-70.958229,42
64fb7335-2fcc-3db4-99af-d42a6f56ce2e,a1990b63-4dcb-34ff-a398-7c405998740d,Carlos172 Tejeda887,M,GENERAL PRACTICE,25 MARSTON ST,LAWRENCE,MA,01841-2310,42.700272999999996,-71.161357,89
80ba4dc1-e1e9-3bd0-8565-83353e289a58,e8df8938-2576-3e8a-900b-5a41220899d9,Alfredia958 Rowe323,F,GENERAL PRACTICE,6 ESSEX CTR DR,PEABODY,MA,01960-2907,42.534279,-70.969782,59
d7be8ff7-a47a-3308-ab48-44d2bcc509e6,f1ca4c4d-b59e-3b0a-9b15-6e67f09a2a7f,Lecia978 Howe413,F,GENERAL PRACTICE,1330 BEACON ST,BROOKLINE,MA,02446-3202,42.323853,-71.142003,77
361bd6ff-6497-335f-95ac-b2e91b3a89cb,6a4e017a-9c47-32b2-824d-03ea5f147c31,Ty725 Smitham825,M,PODIATRY,28 PACIFIC ST,ROCKLAND,MA,02370-2214,42.129251000000004,-70.908736,0
f37e5b30-0182-349c-b8e6-989669573b84,6a4e017a-9c47-32b2-824d-03ea5f147c31,Cheri871 Smitham825,F,GENERAL PRACTICE,28 PACIFIC ST,ROCKLAND,MA,02370-2214,42.129251000000004,-70.908736,44
9d98bb29-340f-3a9b-abf1-f83024184133,f02902d7-aafe-3630-9022-988251e1e390,Bell723 Schiller186,F,CLINICAL SOCIAL WORKER,211 MORRISON AVE,SOMERVILLE,MA,02144-2017,42.390445,-71.101033,0
4087f85e-2240-374a-87f5-940e77c28bae,f02902d7-aafe-3630-9022-988251e1e390,Bell723 Schiller186,F,GENERAL PRACTICE,211 MORRISON AVE,SOMERVILLE,MA,02144-2017,42.390445,-71.101033,34
9c880079-fe28-397a-874b-cbd299dfe94b,b43891e9-15b2-3dd0-ae9a-319739ed65ba,Isreal8 Witting912,M,NURSE PRACTITIONER,490 N MAIN ST,RANDOLPH,MA,02368-3741,42.178993,-71.052654,0
8292c4ab-b92f-3081-81c7-e31b2ee314fa,b43891e9-15b2-3dd0-ae9a-319739ed65ba,Lennie123 Witting912,F,GENERAL PRACTICE,490 N MAIN ST,RANDOLPH,MA,02368-3741,42.178993,-71.052654,46
bb864a59-61d7-38ff-bd1b-e80115db1f05,d0bf7c57-4f7c-3ff3-8995-14f5736df59f,Eddie505 Ward668,M,CLINICAL SOCIAL WORKER,4 W PARISH COURT,HAVERHILL,MA,01832-1166,42.782945,-71.087436,0
bcd939fb-5227-3b0f-b207-a63533805a40,d0bf7c57-4f7c-3ff3-8995-14f5736df59f,Julian715 Rogahn59,M,CLINICAL SOCIAL WORKER,4 W PARISH COURT,HAVERHILL,MA,01832-1166,42.782945,-71.087436,0
e007fef7-da35-3787-81cc-ab31c24c5a0f,d0bf7c57-4f7c-3ff3-8995-14f5736df59f,Gilberto712 Correa904,M,GENERAL PRACTICE,4 W PARISH COURT,HAVERHILL,MA,01832-1166,42.782945,-71.087436,68
9793b97c-4b08-35d3-aa7c-564da6da58aa,7a050787-19eb-3af2-90c4-f46dada2b554,Kirby843 Graham902,M,GENERAL PRACTICE,829 AMERICAN LEGION HWY,WESTPORT,MA,02790-4128,41.579794,-71.081822,50
69b52eaa-28fe-35e7-acab-b336e4e8d096,7a050787-19eb-3af2-90c4-f46dada2b554,Kirby843 Graham902,M,DERMATOLOGY,829 AMERICAN LEGION HWY,WESTPORT,MA,02790-4128,41.579794,-71.081822,0
b977769d-25cc-3ccd-bb77-f1ab67da1a65,c188949c-0d91-3c90-beb7-0969d5f40d27,Irene779 Laboy63,F,GENERAL PRACTICE,2014 WASHINGTON ST,NEWTON,MA,02462-1607,42.331876,-71.208402,39
140861b3-d827-3491-81fb-d5da6b91a463,8644614a-6303-3dd9-af35-721d16154a37,Beau391 Fadel536,M,GENERAL PRACTICE,92 MONTVALE AVE,STONEHAM,MA,02180-3601,42.474208000000004,-71.097665,30
b18fbf2e-6d1a-3c26-b262-44739b2b3611,242e5bbe-87a7-3a15-8847-8ff68aba0c09,Michale231 Harris789,M,GENERAL PRACTICE,33 N ST,DALTON,MA,01226-1202,42.479819,-73.15377600000001,74
6043554a-389c-38d0-87d7-58619f8505ee,242e5bbe-87a7-3a15-8847-8ff68aba0c09,Sharee66 Harris789,F,INTERNAL MEDICINE,33 N ST,DALTON,MA,01226-1202,42.479819,-73.15377600000001,0
e8cc4b93-8abb-3cef-929d-296555da8fc7,242e5bbe-87a7-3a15-8847-8ff68aba0c09,Tyler508 Corwin846,M,INTERNAL MEDICINE,33 N ST,DALTON,MA,01226-1202,42.479819,-73.15377600000001,0
e626caf8-4859-389d-afb9-fa5cfc5b9f9e,242e5bbe-87a7-3a15-8847-8ff68aba0c09,Jefferey580 Koelpin146,M,INTERNAL MEDICINE,33 N ST,DALTON,MA,01226-1202,42.479819,-73.15377600000001,0
955ce1ef-3ae2-3e5a-92eb-c38c69e8425f,ccce1094-1ec7-3b86-af36-bf98132ac9f4,Clay913 Dickinson688,M,OPTOMETRY,15 COLLEGE HWY,SOUTHAMPTON,MA,01073-9274,42.226949,-72.74158800000001,0
2323b6a1-6e0d-3195-8e42-8daf84e60c44,ccce1094-1ec7-3b86-af36-bf98132ac9f4,Herb645 Anderson154,M,OPTOMETRY,15 COLLEGE HWY,SOUTHAMPTON,MA,01073-9274,42.226949,-72.74158800000001,0
bab2bda6-42a6-3827-889c-ac47d8dd56dd,ccce1094-1ec7-3b86-af36-bf98132ac9f4,Jeannine438 Dickinson688,F,GENERAL PRACTICE,15 COLLEGE HWY,SOUTHAMPTON,MA,01073-9274,42.226949,-72.74158800000001,35
83ea0710-b2df-3090-85be-f3a787736fe4,5a3e9bdd-84da-3794-a651-4adaeb8821f4,Elda564 Homenick806,F,AUDIOLOGIST,30 ALDRIN RD,PLYMOUTH,MA,02360-4804,41.897892,-70.62403,0
c35c60ee-cd8f-3c81-9810-257b55dddedb,5a3e9bdd-84da-3794-a651-4adaeb8821f4,Garland107 Homenick806,M,GENERAL PRACTICE,30 ALDRIN RD,PLYMOUTH,MA,02360-4804,41.897892,-70.62403,49
58357ca2-8757-3a18-990b-ff123333837a,5a3e9bdd-84da-3794-a651-4adaeb8821f4,Garland107 Homenick806,M,OTOLARYNGOLOGY,30 ALDRIN RD,PLYMOUTH,MA,02360-4804,41.897892,-70.62403,0
f4b1e84b-c4da-3cb8-91b4-58bf529108de,5a3e9bdd-84da-3794-a651-4adaeb8821f4,Dedra50 Johnson679,F,OTOLARYNGOLOGY,30 ALDRIN RD,PLYMOUTH,MA,02360-4804,41.897892,-70.62403,0
68974760-c289-3a56-add2-0acf7b8ef30a,811ed44d-aa37-3d4c-b1f3-541d358c5a1f,Elly836 Koepp521,F,GENERAL PRACTICE,222 MILLIKEN BLVD,FALL RIVER,MA,02721-1623,41.725351,-71.094162,33
36eaa98f-1c1a-3437-9817-57287d6516d1,f2c890aa-a295-3c61-b35e-bfef8005ff94,Annabel185 Kertzmann286,F,GENERAL PRACTICE,89 MORTON ST,ANDOVER,MA,01810-2036,42.648044,-71.161751,69
d30ef995-28cb-3165-b70c-d77c3efe9c81,eed3b05a-817f-3589-a3df-aa32e935052b,Wanita14 Hand679,F,NURSE PRACTITIONER,35 MARKET ST,LOWELL,MA,01852-6246,42.63898,-71.321141,0
4f08aad9-01bf-3faf-ad74-8dc7093b93cc,eed3b05a-817f-3589-a3df-aa32e935052b,Nicolás801 Gracia333,M,NURSE PRACTITIONER,35 MARKET ST,LOWELL,MA,01852-6246,42.63898,-71.321141,0
97ee721c-b4bb-31f6-8c91-9b7c8e0847ac,eed3b05a-817f-3589-a3df-aa32e935052b,Coralie787 Pfannerstill264,F,NURSE PRACTITIONER,35 MARKET ST,LOWELL,MA,01852-6246,42.63898,-71.321141,0
393b8f5c-a05a-3825-81e5-1dee4ba0f451,eed3b05a-817f-3589-a3df-aa32e935052b,Cathleen724 Labadie908,F,NURSE PRACTITIONER,35 MARKET ST,LOWELL,MA,01852-6246,42.63898,-71.321141,0
ad440b4d-33e9-3a6a-874c-3bf1349c6dca,eed3b05a-817f-3589-a3df-aa32e935052b,Sina65 Halvorson124,F,NURSE PRACTITIONER,35 MARKET ST,LOWELL,MA,01852-6246,42.63898,-71.321141,0
cb069e68-5fee-33ba-9ada-95d2a2739a24,eed3b05a-817f-3589-a3df-aa32e935052b,Rebeca548 Monroy712,F,NURSE PRACTITIONER,35 MARKET ST,LOWELL,MA,01852-6246,42.63898,-71.321141,0
c0eeb1d4-7da1-3e26-9001-efd3aa58b344,eed3b05a-817f-3589-a3df-aa32e935052b,José Eduardo181 Téllez750,M,NURSE PRACTITIONER,35 MARKET ST,LOWELL,MA,01852-6246,42.63898,-71.321141,0
3e10668f-2496-3ca7-b0c7-baf98540a86a,eed3b05a-817f-3589-a3df-aa32e935052b,Art115 Gottlieb798,M,NURSE PRACTITIONER,35 MARKET ST,LOWELL,MA,01852-6246,42.63898,-71.321141,0
26327e01-1d28-308c-9f69-fe6d5efe11cb,eed3b05a-817f-3589-a3df-aa32e935052b,Liberty95 McKenzie376,F,NURSE PRACTITIONER,35 MARKET ST,LOWELL,MA,01852-6246,42.63898,-71.321141,0
283d6063-7af3-3a2f-a166-5009d1eda0ab,eed3b05a-817f-3589-a3df-aa32e935052b,Sid118 Murazik203,M,NURSE PRACTITIONER,35 MARKET ST,LOWELL,MA,01852-6246,42.63898,-71.321141,0
d6dff244-9925-348d-b215-d5137071a213,eed3b05a-817f-3589-a3df-aa32e935052b,Rudolf736 Wolf938,M,NURSE PRACTITIONER,35 MARKET ST,LOWELL,MA,01852-6246,42.63898,-71.321141,0
d05a3416-1934-3b98-8edf-18a7cab1c607,eed3b05a-817f-3589-a3df-aa32e935052b,Booker670 Schimmel440,M,NURSE PRACTITIONER,35 MARKET ST,LOWELL,MA,01852-6246,42.63898,-71.321141,0
13796c69-62a4-3a94-bc25-a9e207bdd0c2,eed3b05a-817f-3589-a3df-aa32e935052b,Wanita14 Hand679,F,PSYCHIATRY,35 MARKET ST,LOWELL,MA,01852-6246,42.63898,-71.321141,0
ecd35b71-12ba-3f84-bbb1-f979425f37f8,eed3b05a-817f-3589-a3df-aa32e935052b,Tobi258 Conroy74,F,PSYCHIATRY,35 MARKET ST,LOWELL,MA,01852-6246,42.63898,-71.321141,0
2d254e30-1b47-314b-b212-21e9e7758b25,eed3b05a-817f-3589-a3df-aa32e935052b,Sol312 Hand679,M,CLINICAL PSYCHOLOGIST,35 MARKET ST,LOWELL,MA,01852-6246,42.63898,-71.321141,0
193698bf-3900-3f5b-81c6-40be6e5c368e,eed3b05a-817f-3589-a3df-aa32e935052b,Carrol931 Conroy74,M,CLINICAL PSYCHOLOGIST,35 MARKET ST,LOWELL,MA,01852-6246,42.63898,-71.321141,0
4b0865ae-22f5-332d-9b18-b58d76a4ee94,eed3b05a-817f-3589-a3df-aa32e935052b,Sol312 Hand679,M,CLINICAL SOCIAL WORKER,35 MARKET ST,LOWELL,MA,01852-6246,42.63898,-71.321141,0
62b21449-11dd-3e63-80ec-ecda654fd74f,eed3b05a-817f-3589-a3df-aa32e935052b,Carrol931 Conroy74,M,CLINICAL SOCIAL WORKER,35 MARKET ST,LOWELL,MA,01852-6246,42.63898,-71.321141,0
03118864-c934-3e4b-b659-0e551b13be03,eed3b05a-817f-3589-a3df-aa32e935052b,Coralie787 Pfannerstill264,F,CLINICAL SOCIAL WORKER,35 MARKET ST,LOWELL,MA,01852-6246,42.63898,-71.321141,0
853b4219-1f2e-35f1-8aeb-f079ee8b3198,eed3b05a-817f-3589-a3df-aa32e935052b,Francis500 Labadie908,M,CLINICAL SOCIAL WORKER,35 MARKET ST,LOWELL,MA,01852-6246,42.63898,-71.321141,0
131a186b-7bf8-3305-86ed-b8bb4d9d8fab,eed3b05a-817f-3589-a3df-aa32e935052b,Emory494 Halvorson124,M,CLINICAL SOCIAL WORKER,35 MARKET ST,LOWELL,MA,01852-6246,42.63898,-71.321141,0
229899a3-0b8c-3840-9a25-4b33a0798134,eed3b05a-817f-3589-a3df-aa32e935052b,Landon622 Collins926,M,CLINICAL SOCIAL WORKER,35 MARKET ST,LOWELL,MA,01852-6246,42.63898,-71.321141,0
065828a3-56f9-35c3-96cb-0f63a0c7dd7b,eed3b05a-817f-3589-a3df-aa32e935052b,Wanita14 Hand679,F,GENERAL PRACTICE,35 MARKET ST,LOWELL,MA,01852-6246,42.63898,-71.321141,49
cd665951-a77a-3e8e-ab44-590c64d1e5f0,eed3b05a-817f-3589-a3df-aa32e935052b,Sol312 Hand679,M,CLINICAL NURSE SPECIALIST,35 MARKET ST,LOWELL,MA,01852-6246,42.63898,-71.321141,0
fcfefb1b-9581-3a65-a057-c948329ddcfe,eed3b05a-817f-3589-a3df-aa32e935052b,Tobi258 Conroy74,F,CLINICAL NURSE SPECIALIST,35 MARKET ST,LOWELL,MA,01852-6246,42.63898,-71.321141,0
8687a4b2-0a9d-3d71-9478-b2609f616f8e,489ea445-98d2-3ab6-a7a5-119f343eee53,Keeley419 Haag279,F,GENERAL PRACTICE,250 POND ST,BRAINTREE,MA,02184-5351,42.205416,-71.00216800000003,45
c1548bce-c472-3ad7-a8bc-d6070a577fad,1a87a637-8a07-379d-9d21-3cf3be2b6430,Juliane376 Schneider199,F,PHYSICAL THERAPY,75 A SCOTLAND BLVD,BRIDGEWATER,MA,02324-2302,41.972376000000004,-70.978773,0
9ad624b1-92be-301e-ac77-635274c31171,1a87a637-8a07-379d-9d21-3cf3be2b6430,Janina163 Mraz590,F,PHYSICAL THERAPY,75 A SCOTLAND BLVD,BRIDGEWATER,MA,02324-2302,41.972376000000004,-70.978773,0
88f16493-1fc0-3cfe-9e9d-47cc9167ef4d,1a87a637-8a07-379d-9d21-3cf3be2b6430,Graham902 Waters156,M,PHYSICAL THERAPY,75 A SCOTLAND BLVD,BRIDGEWATER,MA,02324-2302,41.972376000000004,-70.978773,0
c78c124b-98e5-31b9-abab-55c96b392d5a,1a87a637-8a07-379d-9d21-3cf3be2b6430,Laverne101 Schneider199,M,GENERAL PRACTICE,75 A SCOTLAND BLVD,BRIDGEWATER,MA,02324-2302,41.972376000000004,-70.978773,49
09b16288-02e9-3527-ac14-fd4e09439c20,7adcb4f2-6ad3-3710-aeff-366b37e1ceaa,Oscar384 Rempel203,M,CHIROPRACTIC,281 GRANBY RD,SOUTH HADLEY,MA,01075-2227,42.256208,-72.58103,0
47628251-729e-3469-b0ac-7481b56c518a,7adcb4f2-6ad3-3710-aeff-366b37e1ceaa,Pearline482 Rempel203,F,GENERAL PRACTICE,281 GRANBY RD,SOUTH HADLEY,MA,01075-2227,42.256208,-72.58103,23
045bada6-421a-3cb8-a923-e9f03c281c39,8d7d041f-f7a1-3703-80bb-058ff1a4b697,Ada662 Swift555,F,GENERAL PRACTICE,355 WAVERLEY OAKS RD,WALTHAM,MA,02452-8480,42.388921,-71.24226800000001,23
4b051296-7c2d-3c0d-94ee-4bd6737b69ff,18362426-1324-35e6-a226-adccb56a7a36,Alaine226 Cole117,F,PODIATRY,98 S MAIN ST,MIDDLEBOROUGH,MA,02346-2123,41.878004,-70.86926700000001,0
7136a2b4-a174-3ddf-9b8e-11412d44bcc7,18362426-1324-35e6-a226-adccb56a7a36,Victoria535 White193,F,PODIATRY,98 S MAIN ST,MIDDLEBOROUGH,MA,02346-2123,41.878004,-70.86926700000001,0
eb0bd81c-30eb-3fc7-983c-de72a00e0471,18362426-1324-35e6-a226-adccb56a7a36,Alaine226 Cole117,F,GENERAL PRACTICE,98 S MAIN ST,MIDDLEBOROUGH,MA,02346-2123,41.878004,-70.86926700000001,36
3f844e4e-b244-3162-ba35-6932b9172fc7,a8b72116-7c15-396c-afd2-4702a6c24389,Michaela318 Marquardt819,F,DIAGNOSTIC RADIOLOGY,321 MAIN ST,ACTON,MA,01720-3718,42.483953,-71.43849499999999,0
50139b32-c056-3ce6-956e-ca725b5c35aa,a8b72116-7c15-396c-afd2-4702a6c24389,Benjamin360 Marquardt819,M,NURSE PRACTITIONER,321 MAIN ST,ACTON,MA,01720-3718,42.483953,-71.43849499999999,0
6bfb2f25-44e9-315f-b625-c34dd1e4c92c,a8b72116-7c15-396c-afd2-4702a6c24389,Marianela210 Hudson301,F,NURSE PRACTITIONER,321 MAIN ST,ACTON,MA,01720-3718,42.483953,-71.43849499999999,0
e9779acc-b6e6-3109-bbfc-3cf5921c8b42,a8b72116-7c15-396c-afd2-4702a6c24389,Ema785 Prohaska837,F,NURSE PRACTITIONER,321 MAIN ST,ACTON,MA,01720-3718,42.483953,-71.43849499999999,0
99b95163-a202-316e-b7be-520516130b59,a8b72116-7c15-396c-afd2-4702a6c24389,Dia700 Leannon79,F,NURSE PRACTITIONER,321 MAIN ST,ACTON,MA,01720-3718,42.483953,-71.43849499999999,0
6c019c3a-5f47-38d7-8f84-d67842920585,a8b72116-7c15-396c-afd2-4702a6c24389,Kerry175 Bergstrom287,F,NURSE PRACTITIONER,321 MAIN ST,ACTON,MA,01720-3718,42.483953,-71.43849499999999,0
4af5657d-5875-345b-92e0-d1a78bfc3e9f,a8b72116-7c15-396c-afd2-4702a6c24389,Gale827 Torp761,M,NURSE PRACTITIONER,321 MAIN ST,ACTON,MA,01720-3718,42.483953,-71.43849499999999,0
bfa61ef9-785b-353b-a7e5-62a0baefd6d6,a8b72116-7c15-396c-afd2-4702a6c24389,Eugene421 Kreiger457,M,NURSE PRACTITIONER,321 MAIN ST,ACTON,MA,01720-3718,42.483953,-71.43849499999999,0
a7b01fe6-caf8-3c83-ba24-9ed2736cff1b,a8b72116-7c15-396c-afd2-4702a6c24389,Len277 Langworth352,M,NURSE PRACTITIONER,321 MAIN ST,ACTON,MA,01720-3718,42.483953,-71.43849499999999,0
10fa7a22-7746-31dd-8207-fa197ab84569,a8b72116-7c15-396c-afd2-4702a6c24389,Benjamin360 Marquardt819,M,REGISTERED DIETITIAN OR NUTRITION PROFESSIONAL,321 MAIN ST,ACTON,MA,01720-3718,42.483953,-71.43849499999999,0
2b0bfae2-b72d-3608-a3bf-63dc7ed12540,a8b72116-7c15-396c-afd2-4702a6c24389,Marianela210 Hudson301,F,REGISTERED DIETITIAN OR NUTRITION PROFESSIONAL,321 MAIN ST,ACTON,MA,01720-3718,42.483953,-71.43849499999999,0
a4385803-93c8-3f29-be51-f1c82d1a5eb2,a8b72116-7c15-396c-afd2-4702a6c24389,Benjamin360 Marquardt819,M,PEDIATRIC MEDICINE,321 MAIN ST,ACTON,MA,01720-3718,42.483953,-71.43849499999999,0
b7e38e73-97dc-31e5-8b97-7135c836093a,a8b72116-7c15-396c-afd2-4702a6c24389,Everette494 Hudson301,M,PEDIATRIC MEDICINE,321 MAIN ST,ACTON,MA,01720-3718,42.483953,-71.43849499999999,0
26faf800-d350-33db-b482-a9408e1c1a97,a8b72116-7c15-396c-afd2-4702a6c24389,Sung603 Prohaska837,M,PEDIATRIC MEDICINE,321 MAIN ST,ACTON,MA,01720-3718,42.483953,-71.43849499999999,0
b3b72373-5135-314c-90df-fd87cbf66567,a8b72116-7c15-396c-afd2-4702a6c24389,Chas63 Leannon79,M,PEDIATRIC MEDICINE,321 MAIN ST,ACTON,MA,01720-3718,42.483953,-71.43849499999999,0
00fb5325-28ef-3d0f-8f15-19c0756176f6,a8b72116-7c15-396c-afd2-4702a6c24389,Benjamin360 Marquardt819,M,CLINICAL SOCIAL WORKER,321 MAIN ST,ACTON,MA,01720-3718,42.483953,-71.43849499999999,0
18108f73-ba04-386d-831a-20ecba5e9733,a8b72116-7c15-396c-afd2-4702a6c24389,Benjamin360 Marquardt819,M,GENERAL PRACTICE,321 MAIN ST,ACTON,MA,01720-3718,42.483953,-71.43849499999999,46
139edf62-b854-34be-a806-666238144f26,a8b72116-7c15-396c-afd2-4702a6c24389,Michaela318 Marquardt819,F,INTERNAL MEDICINE,321 MAIN ST,ACTON,MA,01720-3718,42.483953,-71.43849499999999,0
4a0d3bd7-b981-353e-92e4-b3fb52aea4be,a8b72116-7c15-396c-afd2-4702a6c24389,Marianela210 Hudson301,F,INTERNAL MEDICINE,321 MAIN ST,ACTON,MA,01720-3718,42.483953,-71.43849499999999,0
034e99ae-4a05-3d81-a54e-fffd7f08c7e6,a8b72116-7c15-396c-afd2-4702a6c24389,Ema785 Prohaska837,F,INTERNAL MEDICINE,321 MAIN ST,ACTON,MA,01720-3718,42.483953,-71.43849499999999,0
d40105d9-1010-3ae0-be54-c3f95baf5af7,a8b72116-7c15-396c-afd2-4702a6c24389,Dia700 Leannon79,F,INTERNAL MEDICINE,321 MAIN ST,ACTON,MA,01720-3718,42.483953,-71.43849499999999,0
82ff89bf-c040-3ad2-b590-4896a9df75b6,a8b72116-7c15-396c-afd2-4702a6c24389,Kerry175 Bergstrom287,F,INTERNAL MEDICINE,321 MAIN ST,ACTON,MA,01720-3718,42.483953,-71.43849499999999,0
3eb0b671-3183-3279-aee6-d3d8339c1dd3,a8b72116-7c15-396c-afd2-4702a6c24389,Gale827 Torp761,M,INTERNAL MEDICINE,321 MAIN ST,ACTON,MA,01720-3718,42.483953,-71.43849499999999,0
759ab1b1-a5f8-37a3-ab95-cefbdc4dd48b,a8b72116-7c15-396c-afd2-4702a6c24389,Clarice719 Kreiger457,F,INTERNAL MEDICINE,321 MAIN ST,ACTON,MA,01720-3718,42.483953,-71.43849499999999,0
31ead621-230c-3a6f-b138-8ac5387c96bf,a8b72116-7c15-396c-afd2-4702a6c24389,Len277 Langworth352,M,INTERNAL MEDICINE,321 MAIN ST,ACTON,MA,01720-3718,42.483953,-71.43849499999999,0
79c7fbe5-f2d9-3b15-a3cf-c8667dfd6215,a8b72116-7c15-396c-afd2-4702a6c24389,Rodrick370 Spencer878,M,INTERNAL MEDICINE,321 MAIN ST,ACTON,MA,01720-3718,42.483953,-71.43849499999999,0
0044a3a1-ee97-309d-b7ee-02fbf5b90df7,a8b72116-7c15-396c-afd2-4702a6c24389,Beau391 Okuneva707,M,INTERNAL MEDICINE,321 MAIN ST,ACTON,MA,01720-3718,42.483953,-71.43849499999999,0
cd729ea9-6ac4-382e-8c89-4c58b82ced7a,a8b72116-7c15-396c-afd2-4702a6c24389,Arianne988 Parker433,F,INTERNAL MEDICINE,321 MAIN ST,ACTON,MA,01720-3718,42.483953,-71.43849499999999,0
0b257d48-73bf-3af2-bc45-0d2fc18072b8,a8b72116-7c15-396c-afd2-4702a6c24389,Albertina684 Reichel38,F,INTERNAL MEDICINE,321 MAIN ST,ACTON,MA,01720-3718,42.483953,-71.43849499999999,0
5bf063a4-63f5-3ce2-8b51-738b85b76936,a8b72116-7c15-396c-afd2-4702a6c24389,Pa577 Hahn503,F,INTERNAL MEDICINE,321 MAIN ST,ACTON,MA,01720-3718,42.483953,-71.43849499999999,0
091a5158-81f8-30a0-9844-979b8e53c3f5,a8b72116-7c15-396c-afd2-4702a6c24389,Moira454 Christiansen251,F,INTERNAL MEDICINE,321 MAIN ST,ACTON,MA,01720-3718,42.483953,-71.43849499999999,0
5914cfa3-8dad-39b3-959c-6e04fb4d10d0,a8b72116-7c15-396c-afd2-4702a6c24389,Armando772 Padberg411,M,INTERNAL MEDICINE,321 MAIN ST,ACTON,MA,01720-3718,42.483953,-71.43849499999999,0
1058e2b1-1f24-3754-9b3d-22eba6eb8e5f,a8b72116-7c15-396c-afd2-4702a6c24389,Robbyn526 Kunde533,F,INTERNAL MEDICINE,321 MAIN ST,ACTON,MA,01720-3718,42.483953,-71.43849499999999,0
2c981dda-59b5-304d-8ed0-a36b96ac40ca,2a65f7b6-b39e-318c-8fe0-d2e89856aae0,Tuan998 Pfeffer420,M,PULMONARY DISEASE,230 HIGHLAND AVE,SOMERVILLE,MA,02143-1408,42.390445,-71.101033,0
1eb92a99-9df1-3770-8df3-089df09b9ab3,2a65f7b6-b39e-318c-8fe0-d2e89856aae0,Gregorio366 Casillas702,M,PULMONARY DISEASE,230 HIGHLAND AVE,SOMERVILLE,MA,02143-1408,42.390445,-71.101033,0
68fd09ee-5fb4-3819-9a0e-46a738f50ba9,2a65f7b6-b39e-318c-8fe0-d2e89856aae0,Esperanza675 Cuellar188,F,PULMONARY DISEASE,230 HIGHLAND AVE,SOMERVILLE,MA,02143-1408,42.390445,-71.101033,0
ccdc751d-bb56-31e1-ba63-a59d9cc55209,2a65f7b6-b39e-318c-8fe0-d2e89856aae0,Mathilde204 Pfeffer420,F,NURSE PRACTITIONER,230 HIGHLAND AVE,SOMERVILLE,MA,02143-1408,42.390445,-71.101033,0
49f28fe1-1219-37f5-a6fd-027f83e97256,2a65f7b6-b39e-318c-8fe0-d2e89856aae0,Magda24 Reinger292,F,NURSE PRACTITIONER,230 HIGHLAND AVE,SOMERVILLE,MA,02143-1408,42.390445,-71.101033,0
d8fcf4df-7a69-3c03-8589-e777b2f71377,2a65f7b6-b39e-318c-8fe0-d2e89856aae0,Coleen678 Lesch175,F,NURSE PRACTITIONER,230 HIGHLAND AVE,SOMERVILLE,MA,02143-1408,42.390445,-71.101033,0
ba97a9a3-b20b-3687-af7a-3489c2b4d6c0,2a65f7b6-b39e-318c-8fe0-d2e89856aae0,Casie505 Herman763,F,NURSE PRACTITIONER,230 HIGHLAND AVE,SOMERVILLE,MA,02143-1408,42.390445,-71.101033,0
4133e9d3-261d-31de-b7b9-c5ac31fc5a45,2a65f7b6-b39e-318c-8fe0-d2e89856aae0,Tuan998 Pfeffer420,M,CARDIOVASCULAR DISEASE (CARDIOLOGY),230 HIGHLAND AVE,SOMERVILLE,MA,02143-1408,42.390445,-71.101033,0
bb73eefd-8ccf-3900-928e-333fd2f3e3d7,2a65f7b6-b39e-318c-8fe0-d2e89856aae0,Tuan998 Pfeffer420,M,PHYSICAL MEDICINE AND REHABILITATION,230 HIGHLAND AVE,SOMERVILLE,MA,02143-1408,42.390445,-71.101033,0
29068bfb-7dfd-3324-bd94-11e2b251a17c,2a65f7b6-b39e-318c-8fe0-d2e89856aae0,Tuan998 Pfeffer420,M,GERIATRIC MEDICINE,230 HIGHLAND AVE,SOMERVILLE,MA,02143-1408,42.390445,-71.101033,0
75df1106-a0a2-316a-ae00-2b86ab70ebe0,2a65f7b6-b39e-318c-8fe0-d2e89856aae0,Tuan998 Pfeffer420,M,PODIATRY,230 HIGHLAND AVE,SOMERVILLE,MA,02143-1408,42.390445,-71.101033,0
6f55f1f8-db91-3370-8af8-ae7ddf81ef18,2a65f7b6-b39e-318c-8fe0-d2e89856aae0,Tuan998 Pfeffer420,M,INTERVENTIONAL RADIOLOGY,230 HIGHLAND AVE,SOMERVILLE,MA,02143-1408,42.390445,-71.101033,0
710d31d0-22fb-36a2-a4cc-b5ed166b1b41,2a65f7b6-b39e-318c-8fe0-d2e89856aae0,Tuan998 Pfeffer420,M,PHYSICIAN ASSISTANT,230 HIGHLAND AVE,SOMERVILLE,MA,02143-1408,42.390445,-71.101033,0
21adcf36-4546-33b6-8ddc-d936885c36f8,2a65f7b6-b39e-318c-8fe0-d2e89856aae0,Coy949 Reinger292,M,PHYSICIAN ASSISTANT,230 HIGHLAND AVE,SOMERVILLE,MA,02143-1408,42.390445,-71.101033,0
9169e5e0-9794-3148-854f-8ff018f74cdb,2a65f7b6-b39e-318c-8fe0-d2e89856aae0,Tuan998 Pfeffer420,M,PATHOLOGY,230 HIGHLAND AVE,SOMERVILLE,MA,02143-1408,42.390445,-71.101033,0
43cd5cfe-f2ce-3f45-9d42-fd6a7ad73879,2a65f7b6-b39e-318c-8fe0-d2e89856aae0,Mathilde204 Pfeffer420,F,OTOLARYNGOLOGY,230 HIGHLAND AVE,SOMERVILLE,MA,02143-1408,42.390445,-71.101033,0
284cfc2f-a15e-38ce-bb2b-41670344995a,2a65f7b6-b39e-318c-8fe0-d2e89856aae0,Marisol435 Casillas702,F,OTOLARYNGOLOGY,230 HIGHLAND AVE,SOMERVILLE,MA,02143-1408,42.390445,-71.101033,0
0148b4cd-5c84-3d1f-8a9e-7a0a78a8d7cb,2a65f7b6-b39e-318c-8fe0-d2e89856aae0,Tuan998 Pfeffer420,M,DERMATOLOGY,230 HIGHLAND AVE,SOMERVILLE,MA,02143-1408,42.390445,-71.101033,0
f9746206-aa17-3dae-b67d-f1491bd95512,2a65f7b6-b39e-318c-8fe0-d2e89856aae0,Magda24 Reinger292,F,DERMATOLOGY,230 HIGHLAND AVE,SOMERVILLE,MA,02143-1408,42.390445,-71.101033,0
d51d315e-b298-3d64-9ac6-ae5588817671,2a65f7b6-b39e-318c-8fe0-d2e89856aae0,Tuan998 Pfeffer420,M,GASTROENTEROLOGY,230 HIGHLAND AVE,SOMERVILLE,MA,02143-1408,42.390445,-71.101033,0
203ff285-9960-3195-bc6d-6cd7c51ffb6f,2a65f7b6-b39e-318c-8fe0-d2e89856aae0,Magda24 Reinger292,F,GASTROENTEROLOGY,230 HIGHLAND AVE,SOMERVILLE,MA,02143-1408,42.390445,-71.101033,0
54578e58-935f-39cc-b259-92dd125c61bd,2a65f7b6-b39e-318c-8fe0-d2e89856aae0,Coleen678 Lesch175,F,GASTROENTEROLOGY,230 HIGHLAND AVE,SOMERVILLE,MA,02143-1408,42.390445,-71.101033,0
377201f2-bc91-3655-9c9c-68ea256ac754,2a65f7b6-b39e-318c-8fe0-d2e89856aae0,Casie505 Herman763,F,GASTROENTEROLOGY,230 HIGHLAND AVE,SOMERVILLE,MA,02143-1408,42.390445,-71.101033,0
9ecb0513-0bf4-3e57-920e-9cb5a287a406,2a65f7b6-b39e-318c-8fe0-d2e89856aae0,Tuan998 Pfeffer420,M,THORACIC SURGERY,230 HIGHLAND AVE,SOMERVILLE,MA,02143-1408,42.390445,-71.101033,0
60a50b5a-236e-39df-8576-6449fad7e12b,2a65f7b6-b39e-318c-8fe0-d2e89856aae0,Tuan998 Pfeffer420,M,DIAGNOSTIC RADIOLOGY,230 HIGHLAND AVE,SOMERVILLE,MA,02143-1408,42.390445,-71.101033,0
ae6d466a-2e5f-3614-b7e4-0982663f6bc0,2a65f7b6-b39e-318c-8fe0-d2e89856aae0,Magda24 Reinger292,F,DIAGNOSTIC RADIOLOGY,230 HIGHLAND AVE,SOMERVILLE,MA,02143-1408,42.390445,-71.101033,0
1c374145-76e0-3ad6-a01a-da3eb1a498cf,2a65f7b6-b39e-318c-8fe0-d2e89856aae0,Coleen678 Lesch175,F,DIAGNOSTIC RADIOLOGY,230 HIGHLAND AVE,SOMERVILLE,MA,02143-1408,42.390445,-71.101033,0
35aa1209-48a5-35fa-9f32-c173fb13c40f,2a65f7b6-b39e-318c-8fe0-d2e89856aae0,Casie505 Herman763,F,DIAGNOSTIC RADIOLOGY,230 HIGHLAND AVE,SOMERVILLE,MA,02143-1408,42.390445,-71.101033,0
4a2b8e51-cd7a-336a-a0ce-5694bb3f365c,2a65f7b6-b39e-318c-8fe0-d2e89856aae0,Ella812 Pagac496,F,DIAGNOSTIC RADIOLOGY,230 HIGHLAND AVE,SOMERVILLE,MA,02143-1408,42.390445,-71.101033,0
e3eaa09e-ee9a-31b4-aa34-0901d8633fde,2a65f7b6-b39e-318c-8fe0-d2e89856aae0,Bert917 Rau926,M,DIAGNOSTIC RADIOLOGY,230 HIGHLAND AVE,SOMERVILLE,MA,02143-1408,42.390445,-71.101033,0
c4619534-1fa9-3b1f-b8bd-9ca0309b3bb7,2a65f7b6-b39e-318c-8fe0-d2e89856aae0,Tuan998 Pfeffer420,M,CERTIFIED REGISTERED NURSE ANESTHETIST,230 HIGHLAND AVE,SOMERVILLE,MA,02143-1408,42.390445,-71.101033,0
0b93db46-5f04-3957-807b-a6568b29104c,2a65f7b6-b39e-318c-8fe0-d2e89856aae0,Magda24 Reinger292,F,CERTIFIED REGISTERED NURSE ANESTHETIST,230 HIGHLAND AVE,SOMERVILLE,MA,02143-1408,42.390445,-71.101033,0
14ba451b-a031-39c3-b5fe-d7cb63c721fe,2a65f7b6-b39e-318c-8fe0-d2e89856aae0,Mathilde204 Pfeffer420,F,NEUROLOGY,230 HIGHLAND AVE,SOMERVILLE,MA,02143-1408,42.390445,-71.101033,0
bd94779c-9515-3105-85ff-ab5dde9072f8,2a65f7b6-b39e-318c-8fe0-d2e89856aae0,Coy949 Reinger292,M,NEUROLOGY,230 HIGHLAND AVE,SOMERVILLE,MA,02143-1408,42.390445,-71.101033,0
d3a2efe5-dfd4-3169-ab28-5a144975f437,2a65f7b6-b39e-318c-8fe0-d2e89856aae0,Coleen678 Lesch175,F,NEUROLOGY,230 HIGHLAND AVE,SOMERVILLE,MA,02143-1408,42.390445,-71.101033,0
f3550d75-a8a5-3fb5-a50a-f71e21834140,2a65f7b6-b39e-318c-8fe0-d2e89856aae0,Mathilde204 Pfeffer420,F,OBSTETRICS/GYNECOLOGY,230 HIGHLAND AVE,SOMERVILLE,MA,02143-1408,42.390445,-71.101033,0
1142ee7c-b684-354c-a767-1d3d2b9ab935,2a65f7b6-b39e-318c-8fe0-d2e89856aae0,Coy949 Reinger292,M,OBSTETRICS/GYNECOLOGY,230 HIGHLAND AVE,SOMERVILLE,MA,02143-1408,42.390445,-71.101033,0
6bf53d6b-aa8c-3dd6-9efa-32470ba5f225,2a65f7b6-b39e-318c-8fe0-d2e89856aae0,Mathilde204 Pfeffer420,F,ANESTHESIOLOGY,230 HIGHLAND AVE,SOMERVILLE,MA,02143-1408,42.390445,-71.101033,0
b684253a-543a-3b56-b55e-75c7f2049f78,2a65f7b6-b39e-318c-8fe0-d2e89856aae0,Magda24 Reinger292,F,ANESTHESIOLOGY,230 HIGHLAND AVE,SOMERVILLE,MA,02143-1408,42.390445,-71.101033,0
efa1bec5-f235-3a88-b62a-cf1920d6dfc1,2a65f7b6-b39e-318c-8fe0-d2e89856aae0,Felix524 Lesch175,M,ANESTHESIOLOGY,230 HIGHLAND AVE,SOMERVILLE,MA,02143-1408,42.390445,-71.101033,0
65534ef5-12a3-3add-85ec-8e227c28e53f,2a65f7b6-b39e-318c-8fe0-d2e89856aae0,Elena945 Hernández971,F,UROLOGY,230 HIGHLAND AVE,SOMERVILLE,MA,02143-1408,42.390445,-71.101033,0
a6e706a1-39de-37e9-b70c-b4b3a2152190,2a65f7b6-b39e-318c-8fe0-d2e89856aae0,Magda24 Reinger292,F,UROLOGY,230 HIGHLAND AVE,SOMERVILLE,MA,02143-1408,42.390445,-71.101033,0
4041c96f-12eb-31a3-a5ff-bcef9e4163f9,2a65f7b6-b39e-318c-8fe0-d2e89856aae0,Coleen678 Lesch175,F,UROLOGY,230 HIGHLAND AVE,SOMERVILLE,MA,02143-1408,42.390445,-71.101033,0
26fb5795-fb0b-326b-adfb-a48e5725c8c0,2a65f7b6-b39e-318c-8fe0-d2e89856aae0,Tuan998 Pfeffer420,M,ORTHOPEDIC SURGERY,230 HIGHLAND AVE,SOMERVILLE,MA,02143-1408,42.390445,-71.101033,0
c56aa784-111a-3214-99a0-8c7a00b8681a,2a65f7b6-b39e-318c-8fe0-d2e89856aae0,Magda24 Reinger292,F,ORTHOPEDIC SURGERY,230 HIGHLAND AVE,SOMERVILLE,MA,02143-1408,42.390445,-71.101033,0
268dd313-76a7-3fa0-b2b1-173ca00e1349,2a65f7b6-b39e-318c-8fe0-d2e89856aae0,Tuan998 Pfeffer420,M,GENERAL PRACTICE,230 HIGHLAND AVE,SOMERVILLE,MA,02143-1408,42.390445,-71.101033,44
84af5164-e8d6-3838-bfd5-6f166254ed8c,2a65f7b6-b39e-318c-8fe0-d2e89856aae0,Tuan998 Pfeffer420,M,INTERNAL MEDICINE,230 HIGHLAND AVE,SOMERVILLE,MA,02143-1408,42.390445,-71.101033,0
420b0679-be38-3b92-9010-c408502f4e40,2a65f7b6-b39e-318c-8fe0-d2e89856aae0,Coy949 Reinger292,M,INTERNAL MEDICINE,230 HIGHLAND AVE,SOMERVILLE,MA,02143-1408,42.390445,-71.101033,0
69d2b813-1e22-3a04-b6ae-0323167bd889,2a65f7b6-b39e-318c-8fe0-d2e89856aae0,Coleen678 Lesch175,F,INTERNAL MEDICINE,230 HIGHLAND AVE,SOMERVILLE,MA,02143-1408,42.390445,-71.101033,0
130f4efb-5e5b-3353-b3e6-6a42901b5ded,2a65f7b6-b39e-318c-8fe0-d2e89856aae0,Jaime666 Cepeda588,M,INTERNAL MEDICINE,230 HIGHLAND AVE,SOMERVILLE,MA,02143-1408,42.390445,-71.101033,0
c04d57cc-5e72-3e92-b8b1-0d6604b88447,2a65f7b6-b39e-318c-8fe0-d2e89856aae0,Ella812 Pagac496,F,INTERNAL MEDICINE,230 HIGHLAND AVE,SOMERVILLE,MA,02143-1408,42.390445,-71.101033,0
689bd390-b6f2-395d-b883-2fa53e51e7ec,2a65f7b6-b39e-318c-8fe0-d2e89856aae0,Delta800 Rau926,F,INTERNAL MEDICINE,230 HIGHLAND AVE,SOMERVILLE,MA,02143-1408,42.390445,-71.101033,0
d8024dfa-df38-3e81-9048-22aa5ed0731d,2a65f7b6-b39e-318c-8fe0-d2e89856aae0,Marcelino726 Balistreri607,M,INTERNAL MEDICINE,230 HIGHLAND AVE,SOMERVILLE,MA,02143-1408,42.390445,-71.101033,0
9181b46f-5712-3965-922d-b558f40604d1,2a65f7b6-b39e-318c-8fe0-d2e89856aae0,Terence292 Sporer811,M,INTERNAL MEDICINE,230 HIGHLAND AVE,SOMERVILLE,MA,02143-1408,42.390445,-71.101033,0
f172014e-8b07-3535-a0f4-2a017263286e,2a65f7b6-b39e-318c-8fe0-d2e89856aae0,Bernita55 Dach178,F,INTERNAL MEDICINE,230 HIGHLAND AVE,SOMERVILLE,MA,02143-1408,42.390445,-71.101033,0
9e71513f-bd9f-3e9a-8439-3084df9d1841,2a65f7b6-b39e-318c-8fe0-d2e89856aae0,Geoffrey157 Yundt842,M,INTERNAL MEDICINE,230 HIGHLAND AVE,SOMERVILLE,MA,02143-1408,42.390445,-71.101033,0
56eac1d2-1b8e-3415-afc4-d121426833b3,2a65f7b6-b39e-318c-8fe0-d2e89856aae0,Mathilde204 Pfeffer420,F,GENERAL SURGERY,230 HIGHLAND AVE,SOMERVILLE,MA,02143-1408,42.390445,-71.101033,0
d49cd4ef-752a-3d7d-bfc1-9f0ace6d22e8,2a65f7b6-b39e-318c-8fe0-d2e89856aae0,Coy949 Reinger292,M,GENERAL SURGERY,230 HIGHLAND AVE,SOMERVILLE,MA,02143-1408,42.390445,-71.101033,0
eecc7ec6-ddac-3777-9c6d-26bfe296ad38,2a65f7b6-b39e-318c-8fe0-d2e89856aae0,Mathilde204 Pfeffer420,F,INFECTIOUS DISEASE,230 HIGHLAND AVE,SOMERVILLE,MA,02143-1408,42.390445,-71.101033,0
b0854460-50f6-363b-a707-bc4a2b086cc5,240588ee-be2f-362c-92e3-b4724a0f27a9,Josh874 Gleason633,M,PHYSICAL THERAPY,67 PARKHURST RD,CHELMSFORD,MA,01824-1518,42.597055,-71.3697,0
6b9f52eb-973a-3dab-b6d1-49f7ced9bb9d,240588ee-be2f-362c-92e3-b4724a0f27a9,Valentina258 Bogan287,F,PHYSICAL THERAPY,67 PARKHURST RD,CHELMSFORD,MA,01824-1518,42.597055,-71.3697,0
680c7fad-c161-3aef-ad4d-4acffb796e97,240588ee-be2f-362c-92e3-b4724a0f27a9,Lurline371 Huels583,F,PHYSICAL THERAPY,67 PARKHURST RD,CHELMSFORD,MA,01824-1518,42.597055,-71.3697,0
ce29aa97-7bb7-3f2e-939b-2fb4f92d970c,240588ee-be2f-362c-92e3-b4724a0f27a9,Leola603 Eichmann909,F,PHYSICAL THERAPY,67 PARKHURST RD,CHELMSFORD,MA,01824-1518,42.597055,-71.3697,0
c7f33a36-f6f3-338d-b5da-bd1d6564bd4e,240588ee-be2f-362c-92e3-b4724a0f27a9,Roy364 Rosenbaum794,M,PHYSICAL THERAPY,67 PARKHURST RD,CHELMSFORD,MA,01824-1518,42.597055,-71.3697,0
83cc6ffb-7cfb-3002-8603-141e3e872e7a,240588ee-be2f-362c-92e3-b4724a0f27a9,Marna905 Mayer370,F,PHYSICAL THERAPY,67 PARKHURST RD,CHELMSFORD,MA,01824-1518,42.597055,-71.3697,0
c269dc9e-7857-3311-9915-152e7c875dbe,240588ee-be2f-362c-92e3-b4724a0f27a9,Esther279 Torphy630,F,PHYSICAL THERAPY,67 PARKHURST RD,CHELMSFORD,MA,01824-1518,42.597055,-71.3697,0
6ff48a84-2916-3152-8824-b97ec88d4436,240588ee-be2f-362c-92e3-b4724a0f27a9,Thaddeus38 Purdy2,M,PHYSICAL THERAPY,67 PARKHURST RD,CHELMSFORD,MA,01824-1518,42.597055,-71.3697,0
61c59138-6c02-3876-8266-8176639442b3,240588ee-be2f-362c-92e3-b4724a0f27a9,Zelda766 Gleason633,F,GENERAL PRACTICE,67 PARKHURST RD,CHELMSFORD,MA,01824-1518,42.597055,-71.3697,44
1b70b243-bbe0-35da-8f53-7f58a657ad45,dc881e6e-9d55-39d1-b15d-6e5d8788b6d6,Fredrick998 Kozey370,M,GENERAL PRACTICE,101 MAIN ST,MEDFORD,MA,02155-4530,42.423844,-71.10923100000001,48
815e71f8-7718-3a97-ad2f-45c5758f909b,56c35784-5ea6-3724-9642-96ee60042645,Emely698 Schoen8,F,GENERAL PRACTICE,77 WARREN ST 2ND FLOOR,BRIGHTON,MA,02135-3601,42.33196,-71.020173,61
0844fe06-4821-34fb-9249-9edd247ed7cd,60812e0d-af77-39f2-ad5b-c9ccf6b2fcb3,Aubrey96 Prosacco716,F,GENERAL PRACTICE,10 CORDAGE PARK CIR,PLYMOUTH,MA,02360-7318,41.897892,-70.62403,53
3a5a5f13-2739-311c-ba03-584fb056a4c3,d280bb3c-0c3d-327f-aefd-45bce5923116,Hugo693 Kovacek682,M,GENERAL PRACTICE,68 MAIN ST,PEPPERELL,MA,01463-1560,42.670643,-71.602858,70
8896fa74-fca9-381b-9723-f2d3ec8980ad,16cc9727-9f60-3f98-825e-4e1264b827bf,Julia241 Véliz274,F,PHYSICAL THERAPY,406 R WASHINGTON ST,HOLLISTON,MA,01746-1342,42.195951,-71.45343000000001,0
5915524c-873e-3add-902b-ce820dbb864d,16cc9727-9f60-3f98-825e-4e1264b827bf,Lou594 Christiansen251,M,PHYSICAL THERAPY,406 R WASHINGTON ST,HOLLISTON,MA,01746-1342,42.195951,-71.45343000000001,0
cd84aea0-fbd2-3a39-ae15-05ff0699fa0d,16cc9727-9f60-3f98-825e-4e1264b827bf,Josphine206 Klocko335,F,PHYSICAL THERAPY,406 R WASHINGTON ST,HOLLISTON,MA,01746-1342,42.195951,-71.45343000000001,0
d409e3c2-9362-3af8-98fb-76b292e23505,16cc9727-9f60-3f98-825e-4e1264b827bf,Bradford382 Goodwin327,M,PHYSICAL THERAPY,406 R WASHINGTON ST,HOLLISTON,MA,01746-1342,42.195951,-71.45343000000001,0
723f8f80-851f-351d-8f30-5ccb831e6fa5,16cc9727-9f60-3f98-825e-4e1264b827bf,Hailey792 Hahn503,F,GENERAL PRACTICE,406 R WASHINGTON ST,HOLLISTON,MA,01746-1342,42.195951,-71.45343000000001,20
80f4b547-e800-3396-8b15-bbd7d75f55ff,5288284a-64b0-30ed-9b49-6b7abcb364f4,Marta91 Olmos892,F,GENERAL PRACTICE,500 SALEM ST,WILMINGTON,MA,01887-1200,42.564646999999994,-71.164516,29
f14ac4fe-a306-3700-ab0f-dac6c9fc28b1,7bd3e0e5-faf5-3e36-8dfa-2ba55fe68ae0,Raelene218 Hammes673,F,GENERAL PRACTICE,123 SUMMER ST,WORCESTER,MA,01608-1216,42.269478,-71.807783,43
edb66fe7-e574-3ff2-a5ea-c4265d3f50e9,5003f481-9b24-365a-95a9-5eb30411185f,Dino214 Pouros728,M,PSYCHIATRY,1832 CENTRE ST,WEST ROXBURY,MA,02132-1901,42.33196,-71.020173,0
5aa2a9f4-48c1-3d19-a5ea-0191d638bcc8,5003f481-9b24-365a-95a9-5eb30411185f,Dino214 Pouros728,M,PHYSICIAN ASSISTANT,1832 CENTRE ST,WEST ROXBURY,MA,02132-1901,42.33196,-71.020173,0
c2a20e67-699f-30c5-a1eb-a8ce85de2f55,5003f481-9b24-365a-95a9-5eb30411185f,Micha632 Langosh790,F,PHYSICIAN ASSISTANT,1832 CENTRE ST,WEST ROXBURY,MA,02132-1901,42.33196,-71.020173,0
71c46c72-ca6e-3776-aafe-81fe6adfc326,5003f481-9b24-365a-95a9-5eb30411185f,Noel608 Pouros728,F,GENERAL PRACTICE,1832 CENTRE ST,WEST ROXBURY,MA,02132-1901,42.33196,-71.020173,29
e4917048-7d87-3019-b415-31a5d491c368,5003f481-9b24-365a-95a9-5eb30411185f,Noel608 Pouros728,F,INTERNAL MEDICINE,1832 CENTRE ST,WEST ROXBURY,MA,02132-1901,42.33196,-71.020173,0
4279084c-2ed7-34c0-9241-fb02eff8c2f4,5003f481-9b24-365a-95a9-5eb30411185f,Jewell855 Langosh790,M,INTERNAL MEDICINE,1832 CENTRE ST,WEST ROXBURY,MA,02132-1901,42.33196,-71.020173,0
b10d0575-6c62-3bd9-a052-678ee565cca5,5003f481-9b24-365a-95a9-5eb30411185f,Austin578 Schuster709,M,INTERNAL MEDICINE,1832 CENTRE ST,WEST ROXBURY,MA,02132-1901,42.33196,-71.020173,0
54dc2cb7-3baa-3323-ad24-16f5a09239fd,5003f481-9b24-365a-95a9-5eb30411185f,Ernest565 Nikolaus26,M,INTERNAL MEDICINE,1832 CENTRE ST,WEST ROXBURY,MA,02132-1901,42.33196,-71.020173,0
64a8b014-ee7f-3437-9d58-6b527c3569fe,82ff180d-fef1-36f4-b6b1-5e3460b972bb,Annalee788 Gaylord332,F,NURSE PRACTITIONER,105 MAIN ST,MAYNARD,MA,01754-2514,42.425955,-71.45625600000001,0
788ae5ca-e701-3bf5-8a2c-8875f2319ff5,82ff180d-fef1-36f4-b6b1-5e3460b972bb,Addie421 Blanda868,F,NURSE PRACTITIONER,105 MAIN ST,MAYNARD,MA,01754-2514,42.425955,-71.45625600000001,0
3784562a-2124-3277-8e1e-96f710c792ec,82ff180d-fef1-36f4-b6b1-5e3460b972bb,Ricardo560 Lemus978,M,NURSE PRACTITIONER,105 MAIN ST,MAYNARD,MA,01754-2514,42.425955,-71.45625600000001,0
2d9c6ca9-6e9a-3043-a017-436171c56085,82ff180d-fef1-36f4-b6b1-5e3460b972bb,Madalene903 Doyle959,F,NURSE PRACTITIONER,105 MAIN ST,MAYNARD,MA,01754-2514,42.425955,-71.45625600000001,0
dfcab47c-5790-3d89-9f73-571d48029095,82ff180d-fef1-36f4-b6b1-5e3460b972bb,Bernardo699 Rogahn59,M,NURSE PRACTITIONER,105 MAIN ST,MAYNARD,MA,01754-2514,42.425955,-71.45625600000001,0
43236df6-6623-3bb3-857a-9cafc74a6fec,82ff180d-fef1-36f4-b6b1-5e3460b972bb,Sang383 Mann644,F,NURSE PRACTITIONER,105 MAIN ST,MAYNARD,MA,01754-2514,42.425955,-71.45625600000001,0
7bb5006a-1429-3b63-af6d-91efeba7bffc,82ff180d-fef1-36f4-b6b1-5e3460b972bb,Annalee788 Gaylord332,F,GENERAL PRACTICE,105 MAIN ST,MAYNARD,MA,01754-2514,42.425955,-71.45625600000001,17
d2516eac-4875-37f2-98f0-dbef1516703b,fc6361e2-3d6c-36d2-bd4a-6e53df8168ce,Donnette259 Ratke343,F,GENERAL PRACTICE,736 CAMBRIDGE ST,BRIGHTON,MA,02135-2907,42.33196,-71.020173,51
f2e78480-97aa-3e29-8c33-bb6ed2f1bea5,25544c1b-9223-3f75-b80a-80bbf2dfe37c,Darrick836 Dietrich576,M,NEUROLOGY,6 MILL ST,ARLINGTON,MA,02476-4719,42.418721999999995,-71.163912,0
2f91e9a7-82e7-3a41-9faf-553f67d77da6,25544c1b-9223-3f75-b80a-80bbf2dfe37c,Nilsa143 Dietrich576,F,GENERAL PRACTICE,6 MILL ST,ARLINGTON,MA,02476-4719,42.418721999999995,-71.163912,51
fdf3fd10-e734-323e-a97f-892048a1aca1,0d307ea2-118e-39a2-8619-7bf9948df58a,Pedro316 Menéndez746,M,OPTOMETRY,15 HIGHLAND AVE,SEEKONK,MA,02771-5805,41.839797999999995,-71.31804699999999,0
4dcfe718-c592-3fdc-b558-ce37dd58713a,0d307ea2-118e-39a2-8619-7bf9948df58a,Kayleigh718 Wintheiser220,F,OPTOMETRY,15 HIGHLAND AVE,SEEKONK,MA,02771-5805,41.839797999999995,-71.31804699999999,0
d3871c1e-b0ab-3ae2-a58f-697add4fc361,0d307ea2-118e-39a2-8619-7bf9948df58a,Latia151 Cormier289,F,GENERAL PRACTICE,15 HIGHLAND AVE,SEEKONK,MA,02771-5805,41.839797999999995,-71.31804699999999,47
6e52837a-821c-39b9-b1a2-32eee955af22,37c197b5-110f-339b-942e-272137f770b2,Celina578 Purdy2,F,NURSE PRACTITIONER,14 WILLIAMS ST,WILLIAMSBURG,MA,01096-9427,42.405414,-72.726043,0
3459efe5-dcfd-3dba-8d5a-2275ca0af77e,37c197b5-110f-339b-942e-272137f770b2,Bobbi508 Ledner144,F,NURSE PRACTITIONER,14 WILLIAMS ST,WILLIAMSBURG,MA,01096-9427,42.405414,-72.726043,0
b04ef11a-05e8-366f-b1a9-2e733c9be4a6,37c197b5-110f-339b-942e-272137f770b2,Celina578 Purdy2,F,GENERAL PRACTICE,14 WILLIAMS ST,WILLIAMSBURG,MA,01096-9427,42.405414,-72.726043,34
ed606b4d-1420-3542-80f0-c962962eb3d9,37c197b5-110f-339b-942e-272137f770b2,Antone63 Purdy2,M,INTERNAL MEDICINE,14 WILLIAMS ST,WILLIAMSBURG,MA,01096-9427,42.405414,-72.726043,0
675841ce-8776-36d1-8398-7a8c509a2f87,37c197b5-110f-339b-942e-272137f770b2,Bobbi508 Ledner144,F,INTERNAL MEDICINE,14 WILLIAMS ST,WILLIAMSBURG,MA,01096-9427,42.405414,-72.726043,0
b0667101-72b8-38f3-8683-dbe196f20f84,62638807-39a4-3774-a041-80962639a4b6,Lashon823 Kunde533,F,DIAGNOSTIC RADIOLOGY,4 ATWATER DR,WESTFORD,MA,01886-3634,42.585541,-71.44025,0
06e33eb9-b8a7-31fd-8a41-0ecdb01960be,62638807-39a4-3774-a041-80962639a4b6,Lashon823 Kunde533,F,GENERAL PRACTICE,4 ATWATER DR,WESTFORD,MA,01886-3634,42.585541,-71.44025,59
a69d5e32-67ed-3df1-a507-598023ac8214,e6adb884-b133-331f-8973-5298bd494bc8,Carmelina668 Hickle134,F,CLINICAL SOCIAL WORKER,70 EVERETT AVE,CHELSEA,MA,02150-2363,42.396824,-71.031348,0
c7b4d74f-409b-34f3-9831-a1dc2a2178c3,e6adb884-b133-331f-8973-5298bd494bc8,Beata187 Denesik803,F,CLINICAL SOCIAL WORKER,70 EVERETT AVE,CHELSEA,MA,02150-2363,42.396824,-71.031348,0
d7766925-5df5-3d8c-acd9-3f13e822df6e,e6adb884-b133-331f-8973-5298bd494bc8,Mónica985 Galván169,F,CLINICAL SOCIAL WORKER,70 EVERETT AVE,CHELSEA,MA,02150-2363,42.396824,-71.031348,0
f5a310ae-98fa-3554-a857-e17ae8cf31ee,e6adb884-b133-331f-8973-5298bd494bc8,Vicente970 Escamilla823,M,CLINICAL SOCIAL WORKER,70 EVERETT AVE,CHELSEA,MA,02150-2363,42.396824,-71.031348,0
6ffda33b-033d-3ee9-8c69-615aecde69af,e6adb884-b133-331f-8973-5298bd494bc8,Carmelina668 Hickle134,F,GENERAL PRACTICE,70 EVERETT AVE,CHELSEA,MA,02150-2363,42.396824,-71.031348,65
fb4c10c6-68d1-3f39-8489-1e770018f587,b62a2f26-b410-32e0-b1c0-b94161f3a7c4,Ian270 Fahey393,M,CLINICAL SOCIAL WORKER,19 PINE RD,FORESTDALE,MA,02644-1413,41.683488,-70.510786,0
2f541d5f-a940-3a38-9ff1-101d48b66533,b62a2f26-b410-32e0-b1c0-b94161f3a7c4,Tabitha433 Bayer639,F,CLINICAL SOCIAL WORKER,19 PINE RD,FORESTDALE,MA,02644-1413,41.683488,-70.510786,0
59c99eb1-04b8-3c46-a465-86b3771aa077,b62a2f26-b410-32e0-b1c0-b94161f3a7c4,Charis952 Hills818,F,CLINICAL SOCIAL WORKER,19 PINE RD,FORESTDALE,MA,02644-1413,41.683488,-70.510786,0
4e440069-574a-317d-a8e8-1b087749a0b4,b62a2f26-b410-32e0-b1c0-b94161f3a7c4,Ian270 Fahey393,M,GENERAL PRACTICE,19 PINE RD,FORESTDALE,MA,02644-1413,41.683488,-70.510786,69
b4271a84-6a60-345b-8556-599684f68f92,c2751801-8047-30ce-ba9b-72afebaae76a,Richie600 VonRueden376,M,UROLOGY,1 WALLACE BASHAW JR WAY,NEWBURYPORT,MA,01950,42.812358,-70.89109499999998,0
72353aed-0ed9-3a0b-8c83-de2714d11583,c2751801-8047-30ce-ba9b-72afebaae76a,Arnold338 Rippin620,M,UROLOGY,1 WALLACE BASHAW JR WAY,NEWBURYPORT,MA,01950,42.812358,-70.89109499999998,0
9d8152e0-bfc2-32af-a784-11969c420095,c2751801-8047-30ce-ba9b-72afebaae76a,Yajaira121 VonRueden376,F,GENERAL PRACTICE,1 WALLACE BASHAW JR WAY,NEWBURYPORT,MA,01950,42.812358,-70.89109499999998,48
f48453be-9ed0-3a26-b3c3-06645119c034,d3aa8afa-a62b-3f3a-87d8-f9c6bc64afa7,Ginny287 Okuneva707,F,CLINICAL SOCIAL WORKER,104 LINCOLN RD,LINCOLN,MA,01773-3800,42.425506,-71.310812,0
c5fc29ed-b4a6-3d01-89a1-27e0ac1b3849,d3aa8afa-a62b-3f3a-87d8-f9c6bc64afa7,Lanny564 Okuneva707,M,GENERAL PRACTICE,104 LINCOLN RD,LINCOLN,MA,01773-3800,42.425506,-71.310812,42
448c140d-8002-3e23-8fd1-f0886c70795f,551732c0-2aa2-3a8f-a9b0-8543e015e832,Latonya462 Jacobs452,F,OBSTETRICS/GYNECOLOGY,2 PARK ST,ADAMS,MA,01220-2032,42.62556,-73.119828,0
15d021fb-db53-3c3a-9b0e-ab4a589ea409,551732c0-2aa2-3a8f-a9b0-8543e015e832,Keely496 Kessler503,F,OBSTETRICS/GYNECOLOGY,2 PARK ST,ADAMS,MA,01220-2032,42.62556,-73.119828,0
6b658ffc-299c-3347-949d-9d9ba9733c86,551732c0-2aa2-3a8f-a9b0-8543e015e832,Latonya462 Jacobs452,F,GENERAL PRACTICE,2 PARK ST,ADAMS,MA,01220-2032,42.62556,-73.119828,39
a87c16e6-3f75-3074-8ce4-71057db0ba5c,390548a3-ed68-3642-af72-9d51cac41825,Christene303 McClure239,F,GENERAL PRACTICE,2110 DORCHESTER AVE,DORCHESTER CENTER,MA,02124-5628,42.33196,-71.020173,31
78ee02d4-ef84-3be3-87ff-c26fae33caf3,5d4a38f6-6b92-35b4-9a6e-16304971ce2b,Hosea56 Baumbach677,M,GENERAL PRACTICE,55 HOSPITAL DR,WINCHENDON,MA,01475-1820,42.66816,-72.055644,47
405e0c87-ee11-3eed-b8fc-251b82993a30,9a01482a-dc55-3916-9fe9-016717fe40a4,Francis500 Reichert620,M,GENERAL PRACTICE,73 W MAIN ST,HOPKINTON,MA,01748-1619,42.224096,-71.54048900000001,3
c5bb58c7-499e-342d-bb59-2dcaff467eaa,a0a14713-50c4-3818-b0cb-8c2047f1458c,Kortney212 Davis923,F,PHYSICAL THERAPY,7 HERRING POND RD,CEDARVILLE,MA,02360-6903,41.888191,-70.59996600000002,0
6af7e213-8422-393e-8aa2-57d895145e22,a0a14713-50c4-3818-b0cb-8c2047f1458c,Matthew562 Davis923,M,GENERAL PRACTICE,7 HERRING POND RD,CEDARVILLE,MA,02360-6903,41.888191,-70.59996600000002,57
fccbe47b-1ece-37f7-a9bb-96b716e79a62,5f178592-5066-33f6-8594-e6f58caca21c,Alvin56 Purdy2,M,GENERAL PRACTICE,5 INDUSTRIAL DRIVE,MASHPEE,MA,2649,41.6050403,-70.4944565,3
bcac34b6-e4ee-3adb-96cc-cca05df5b24e,92819cdc-db9e-387e-8c4f-4b2b4e8b2e4f,Rod343 Ritchie586,M,GENERAL PRACTICE,1230 BRIDGE STREET,LOWELL,MA,1850,42.6653405,-71.3038939,8
6f2f2c6d-1b9e-3590-867c-119da2a54a2c,4e916854-3a59-3f17-bb16-7c406148d822,Cedrick207 Reilly981,M,GENERAL PRACTICE,1399 WASHINGTON STREET,HANOVER,MA,2339,42.144202,-70.844005,2
71acea37-7ef2-396b-8ede-c3a05ec6f596,a76bda1d-f42d-3046-b8c6-021f3db0a086,Ilona639 Hartmann983,F,GENERAL PRACTICE,808 MAIN STREET,WALTHAM,MA,2451,42.3760766,-71.242893,20
b39cc1ff-51e9-382d-8776-b8c401bc8a52,7116c200-6663-3503-8314-1ee16845e5d3,Windy313 Koepp521,F,GENERAL PRACTICE,85 PARKHURST ROAD,CHELMSFORD,MA,1824,42.6257767,-71.3593401,26
ceca4bf2-8eda-30e6-ac3e-8e70837f78f5,3265f387-6c51-32ee-8f6d-b2a89caa34d5,Johnathon489 Block661,M,GENERAL PRACTICE,151 EVERETT AVENUE,CHELSEA,MA,2150,42.3961274,-71.0392206,48
263b76b1-e53c-3a1a-9df5-f2ef8926f806,c63d0602-724d-3d74-958a-a31b1364eaef,Evan94 Durgan499,M,GENERAL PRACTICE,111 GROSSMAN DRIVE,BRAINTREE,MA,2184,42.21004,-70.999539,6
65155b8f-d194-3c8e-b8bc-2f65f9e1a3cb,cbbee84d-7644-3b24-9f41-e3747f5050df,Taylor21 VonRueden376,M,GENERAL PRACTICE,26 QUEEN STREET,WORCESTER,MA,1610,42.2590345,-71.8139319,2
d0820230-b1e7-38dd-8827-d022d8b23992,f1313c7d-3148-335b-adc3-337f15567b82,Kristopher775 Little434,M,GENERAL PRACTICE,500 SALEM STREET,WILMINGTON,MA,1887,42.5805281,-71.1438654,22
8ddb1755-836f-3d53-bc1c-7d83d012be3c,df5a38ee-e493-3572-8f92-bb695aef9891,Collen405 Cronin387,F,GENERAL PRACTICE,489 BEARSES WAY,HYANNIS,MA,2601,41.6624796,-70.3008223,6
4b7b6c85-64fb-336e-b18a-83a7edd69ca6,e3f1676b-9b40-3544-af4e-17a06bbb98bb,Val761 Grant908,M,GENERAL PRACTICE,637 WASHINGTON STREET,DORCHESTER,MA,2124,42.2894365,-71.0719941,8
6e505c4b-6cfb-351e-97de-0d377eaeb0f2,b81688f5-bd0e-3c99-963f-860d3e90ab5d,Jerrie417 Balistreri607,F,GENERAL PRACTICE,581 BOYLSTON STREET,BOSTON,MA,2116,42.3505548,-71.0766054,3
5e0fbb8e-f79b-3db0-8be9-a389ccf79391,6e62e63b-c39a-3211-99d8-8b8f0f06774e,Normand813 Gleichner915,M,GENERAL PRACTICE,19 TACOMA STREET,WORCESTER,MA,1605,42.3023113,-71.7661395,3
d0bae8e5-9740-33e8-813b-aa4ca069a5bc,62fa9127-485f-3032-87cc-6576d91fec94,Sid118 Hoeger474,M,GENERAL PRACTICE,1 ESSEX CENTER DRIVE,PEABODY,MA,1960,42.5369864,-70.9465423,5
966e4ff8-51cd-389c-bf24-bcb50368ba88,b60f8daf-0362-3c28-9b54-216e7f3e80bd,Edmundo94 Wuckert783,M,GENERAL PRACTICE,1 TROWBRIDGE ROAD,BUZZARDS BAY,MA,2532,41.740785,-70.5980121,3
aa169583-9b14-34d9-8bb7-90356d2f7c23,d672f853-e2a5-324e-98fa-c6d5f8dfc255,Cristian531 Carrera906,M,GENERAL PRACTICE,9 HOPE AVENUE,WALTHAM,MA,2453,42.3700513,-71.2490152,7
af4c7bce-d2bb-323e-8284-4096952a2356,98d42012-384f-39d9-b210-cc654b9441f6,Deneen201 Stark857,F,GENERAL PRACTICE,525 LONG POND DRIVE,HARWICH,MA,2645,41.722586,-70.0372004,2
1d8137b1-d95b-3eb0-9d44-a5d359313913,27f06acd-f732-3871-be87-889fef7d9010,Jarod376 Koelpin146,M,GENERAL PRACTICE,489 BERNARDSTON ROAD,GREENFIELD,MA,1301,42.6087525,-72.5857131,2
ec5881e5-bd8d-39d2-a8f0-2e7beeac4ead,7ffe74ac-786d-3c6d-bcb9-323352f6149c,September423 Bosco882,F,GENERAL PRACTICE,140 CARANDO DRIVE,SPRINGFIELD,MA,1104,42.1463818,-72.5335973,3
d89d9f53-39c4-3fcb-8044-799ae4ad46bb,b06770b5-b695-3c1a-9685-ae2223966ff7,Tresa661 DuBuque211,F,GENERAL PRACTICE,66 SOUTH WASHINGTON STREET,NORTH ATTLEBORO,MA,2760,41.9799756,-71.3329695,2
6e2c6306-2267-32b3-b913-5ccb21103749,a9afd4c9-8443-3b5a-a486-07c3bb109b3f,Karena692 Simonis280,F,GENERAL PRACTICE,444 MONTGOMERY STREET,CHICOPEE,MA,1020,42.1718584,-72.5849672,2
fd4b5e29-0ea6-30df-af98-74dd6f487a06,9b5f23f1-c387-3a77-9359-752d26d7f997,Matha641 Kilback373,F,GENERAL PRACTICE,250 PARADISE ROAD,SWAMPSCOTT,MA,1907,42.47636,-70.9125322,6
431f31d9-4fd7-3419-aa83-f2769e076dcb,108ccece-277a-396f-8bf2-1527f74458eb,Luther918 Marvin195,M,GENERAL PRACTICE,51 LOCUST STREET,NORTHAMPTON,MA,1060,42.3323152,-72.6545646,3
7c2e54ab-234c-3dff-bfd2-a242c1fb75a4,f7a6cc79-3075-3124-9f62-6fe562440b1d,Malcolm243 Denesik803,M,GENERAL PRACTICE,237 STATE ROAD,NORTH DARTMOUTH,MA,2747,41.6392025,-70.9815648,2
799f7a19-930c-35ba-aae3-8e6d8423764c,700056a6-3aea-3efd-8423-a9acbd38a5ea,Adam631 Walter473,M,GENERAL PRACTICE,106 UNITED STATES HIGHWAY 44,RAYNHAM,MA,2767,41.9051941,-71.0609995,3
5987623b-7184-39a8-8ec3-6ce3a18638b4,308b5efa-a9c2-3728-b1ff-d29c5f060731,Katheleen349 Veum823,F,GENERAL PRACTICE,630 PLANTATION STREET,WORCESTER,MA,1605,42.2925591,-71.7603169,2
171e948b-e3e0-36ab-94a7-ea25cda794b3,90cf148c-69ed-3d33-aa86-b509c6b0b25f,Elida479 O'Keefe54,F,GENERAL PRACTICE,170 GOVERNORS AVENUE,MEDFORD,MA,2155,42.4259086,-71.1113649,9
bdc7227e-139b-3826-be02-f0615986e85f,1aedcb45-c507-3ad0-9010-6583d264ae72,Deon400 Gleason633,M,GENERAL PRACTICE,67 GRAND ARMY OF THE REPUBLIC HIGHWAY,SOMERSET,MA,2726,41.7258413,-71.1590845,5
